,Province,Year,Population,GDI,GEM,FemaleLE,MaleLE,FemaleASY,MaleASY,FemaleESY,MaleESY,FemaleEPC,MaleEPC,FemaleHDI,MaleHDI,FemaleSI,MaleSI,FemaleIP,MaleIP,FemaleMS,MaleMS,FemalePS,MalePS
0,Aceh,2010,4494400.0,89.05,53.4,71.09,67.17,7.76,8.57,13.21,12.61,6028110.0,11530830.0,63.47,71.27,0.31670000000000004,0.6833,0.057999999999999996,0.942,,,0.5114,0.48860000000000003
1,Aceh,2011,4619000.0,89.3,52.06,71.16,67.25,7.78,8.7,13.27,12.8,6284740.0,11618490.0,64.07,71.75,0.31670000000000004,0.6833,0.0435,0.9565,,,0.5376,0.46240000000000003
2,Aceh,2012,4715100.0,90.32,54.44,71.22,67.32,7.91,8.82,13.6,12.81,6552290.0,11706820.0,65.03,72.0,0.3214,0.6786,0.057999999999999996,0.942,,,0.5212,0.4788
3,Aceh,2013,4811100.0,90.61,59.78,71.3,67.4,8.02,8.88,13.63,13.11,6821870.0,11795150.0,65.68,72.49,0.3271,0.6729,0.1014,0.8986,,,0.5314,0.4686
4,Aceh,2014,4906800.0,91.5,65.12,71.34,67.44,8.33,9.12,13.75,13.33,7269080.0,11884150.0,66.89,73.1,0.3329,0.6671,0.1481,0.8519,,,0.5328,0.46719999999999995
5,Aceh,2015,5002000.0,92.07,65.57,71.49,67.59,8.4,9.16,14.05,13.43,7410720.0,11936790.0,67.54,73.36,0.3372,0.6628000000000001,0.1481,0.8519,0.1547,0.8452999999999999,0.5243,0.4757
6,Aceh,2016,5096200.0,91.89,67.4,71.52,67.61,8.54,9.19,14.11,13.67,7531000.0,12286000.0,67.94,73.94,0.34509999999999996,0.6549,0.16,0.84,0.1818,0.8182,0.517,0.483
7,Aceh,2017,5189500.0,91.67,66.28,71.55,67.62,8.62,9.36,14.32,13.95,7641000.0,12551000.0,68.41,74.63,0.3456,0.6544,0.1481,0.8519,0.20800000000000002,0.792,0.5471,0.45289999999999997
8,Aceh,2018,5281300.0,91.67,66.6,71.67,67.73,8.71,9.49,14.46,14.1,7853000.0,12917000.0,69.0,75.27,0.3457,0.6543,0.1481,0.8519,0.20559999999999998,0.7944,0.5468999999999999,0.45310000000000006
9,Aceh,2019,5371500.0,91.84,63.31,71.85,67.98,8.85,9.52,14.47,14.19,8212000.0,13496000.0,69.75,75.95,0.34590000000000004,0.6540999999999999,0.11109999999999999,0.8889,0.2613,0.7387,0.5392,0.4608
10,Aceh,2020,5274870.0,92.07,63.47,71.91,68.04,9.13,9.54,14.48,14.25,8103000.0,13351000.0,69.94,75.96,0.3483,0.6517,0.11109999999999999,0.8889,0.3261,0.6738999999999999,0.5273,0.4727
11,Aceh,2021,5333730.0,92.23,63.24,71.94,68.07,9.22,9.55,14.53,14.26,8162000.0,13484000.0,70.18,76.09,0.3467,0.6533,0.11109999999999999,0.8889,0.306,0.694,0.5442,0.4558
12,Bali,2010,3890800.0,90.9,58.53,72.59,68.73,6.81,8.63,11.46,11.95,10547530.0,14836600.0,67.05,73.76,0.3489,0.6511,0.0727,0.9273,,,0.43189999999999995,0.5681
13,Bali,2011,3957600.0,91.67,58.59,72.76,68.89,6.84,8.72,11.88,12.39,11258060.0,14884870.0,68.26,74.47,0.34909999999999997,0.6509,0.0727,0.9273,,,0.4132,0.5868
14,Bali,2012,4007200.0,92.78,58.49,72.91,69.06,7.12,8.99,12.08,12.42,12158060.0,15123500.0,69.66,75.08,0.3521,0.6478999999999999,0.0727,0.9273,,,0.395,0.605
15,Bali,2013,4056300.0,93.0,61.5,73.07,69.24,7.17,9.0,12.21,12.56,12480860.0,15361970.0,70.2,75.48,0.3558,0.6442,0.0909,0.9091,,,0.4179,0.5821000000000001
16,Bali,2014,4104899.9999999995,93.32,62.25,73.15,69.33,7.22,9.02,12.46,12.82,12804890.0,15468950.0,70.82,75.89,0.35960000000000003,0.6404,0.0909,0.9091,,,0.4436,0.5564
17,Bali,2015,4152800.0,92.71,62.99,73.31,69.49,7.33,9.18,12.59,13.31,12903310.0,15751160.0,71.26,76.87,0.3639,0.6361,0.0909,0.9091,0.2217,0.7783,0.4546,0.5454
18,Bali,2016,4200100.0,93.2,63.97,73.32,69.55,7.53,9.2,12.77,13.32,13063000.0,16001000.0,71.84,77.08,0.3739,0.6261,0.0909,0.9091,0.33020000000000005,0.6698,0.4928,0.5072
19,Bali,2017,4246500.0,93.7,63.76,73.35,69.58,7.75,9.35,13.13,13.33,13180000.0,16369000.0,72.62,77.5,0.3768,0.6232,0.0909,0.9091,0.25489999999999996,0.7451000000000001,0.44170000000000004,0.5583
20,Bali,2018,4292200.0,93.71,64.18,73.57,69.8,7.82,9.5,13.21,13.34,13439000.0,16711000.0,73.09,78.0,0.3787,0.6213,0.0909,0.9091,0.2108,0.7892,0.4558,0.5442
21,Bali,2019,4336900.0,93.72,72.27,73.89,70.11,8.03,9.66,13.22,13.38,13689000.0,17139000.0,73.69,78.63,0.3861,0.6139,0.1636,0.8364,0.23579999999999998,0.7642,0.4805,0.5195000000000001
22,Bali,2020,4317400.0,93.79,72.16,74.03,70.28,8.21,9.68,13.23,13.48,13465000.0,16940000.0,73.85,78.74,0.38549999999999995,0.6145,0.1636,0.8364,0.3638,0.6362,0.49119999999999997,0.5088
23,Bali,2021,4362740.0,94.01,72.17,74.17,70.39,8.36,9.76,13.37,13.49,13346000.0,16925000.0,74.17,78.9,0.3918,0.6082000000000001,0.1636,0.8364,0.3296,0.6704,0.5089,0.4911
24,Bangka-Belitung,2010,1223300.0,86.87,55.62,71.14,67.25,6.52,7.58,10.73,10.24,7023480.0,16214230.0,61.17,70.41,0.2335,0.7665,0.11109999999999999,0.8889,,,0.4637,0.5363
25,Bangka-Belitung,2011,1258200.0,87.1,56.03,71.3,67.42,6.64,7.69,10.9,10.5,7311730.0,16619840.0,62.0,71.18,0.2349,0.7651,0.11109999999999999,0.8889,,,0.5293,0.4707
26,Bangka-Belitung,2012,1286600.0,87.54,56.54,71.45,67.6,6.75,7.88,11.09,10.53,7611820.0,17035590.0,62.83,71.77,0.2361,0.7639,0.11109999999999999,0.8889,,,0.4573,0.5427
27,Bangka-Belitung,2013,1315100.0,87.73,57.29,71.61,67.77,6.92,7.95,11.13,10.79,7924220.0,17464280.0,63.58,72.47,0.2415,0.7585,0.11109999999999999,0.8889,,,0.4703,0.5297000000000001
28,Bangka-Belitung,2014,1343900.0,87.74,56.12,71.69,67.85,6.94,7.98,11.28,11.11,8085200.0,17507480.0,64.01,72.96,0.247,0.753,0.0889,0.9111,,,0.47869999999999996,0.5213000000000001
29,Bangka-Belitung,2015,1372800.0,88.37,56.29,71.85,68.01,7.14,7.99,11.7,11.45,8231719.999999999,17669740.0,64.98,73.53,0.25170000000000003,0.7483,0.0889,0.9111,0.2125,0.7875,0.4964,0.5036
30,Bangka-Belitung,2016,1401800.0,88.9,51.69,71.88,68.05,7.31,8.0,11.88,11.56,8386000.0,17865000.0,65.59,73.78,0.2569,0.7431,0.0444,0.9556,0.16649999999999998,0.8335,0.4899,0.5101
31,Bangka-Belitung,2017,1430900.0,88.93,54.91,71.89,68.08,7.48,8.1,12.0,11.66,8448000.0,18257000.0,66.02,74.24,0.26170000000000004,0.7383,0.0667,0.9333,0.24480000000000002,0.7552,0.4936,0.5064
32,Bangka-Belitung,2018,1459900.0,89.15,52.57,72.11,68.32,7.51,8.17,12.11,11.67,8820000.0,19060000.0,66.71,74.83,0.2638,0.7362,0.0444,0.9556,0.228,0.772,0.4894,0.5105999999999999
33,Bangka-Belitung,2019,1488800.0,89.0,52.96,72.46,68.63,7.54,8.38,12.13,11.78,9085000.0,19364000.0,67.23,75.54,0.26839999999999997,0.7316,0.0444,0.9556,0.2361,0.7639,0.5315,0.4685
34,Bangka-Belitung,2020,1455680.0,88.92,53.03,72.59,68.77,7.67,8.41,12.14,11.97,8987000.0,19075000.0,67.35,75.74,0.26890000000000003,0.7311,0.0444,0.9556,0.23190000000000002,0.7681,0.517,0.483
35,Bangka-Belitung,2021,1473160.0,89.11,57.49,72.7,68.86,7.82,8.42,12.21,12.11,9012000.0,19096000.0,67.69,75.96,0.26789999999999997,0.7321,0.0889,0.9111,0.2939,0.7061,0.541,0.45899999999999996
36,Banten,2010,10632200.0,90.22,65.66,70.48,66.6,7.2,8.53,11.36,10.71,8761320.0,15742210.0,64.72,71.74,0.2924,0.7076,0.1882,0.8118,,,0.3969,0.6031
37,Banten,2011,10943800.0,90.22,66.58,70.66,66.78,7.22,8.65,11.6,11.2,9109280.0,15774180.0,65.48,72.57,0.2954,0.7046,0.1882,0.8118,,,0.41009999999999996,0.5899000000000001
38,Banten,2012,11198600.0,90.28,65.53,70.84,66.97,7.5,8.7,11.85,11.73,9131240.0,15806210.0,66.2,73.33,0.2956,0.7044,0.1765,0.8235,,,0.3934,0.6066
39,Banten,2013,11452500.0,90.31,65.49,71.02,67.15,7.56,8.75,12.1,12.0,9153210.0,15838250.0,66.65,73.8,0.2975,0.7025,0.1765,0.8235,,,0.38170000000000004,0.6183
40,Banten,2014,11704900.0,90.99,66.91,71.11,67.24,7.6,8.76,12.32,12.29,9651110.0,15870340.0,67.5,74.19,0.2994,0.7006,0.1765,0.8235,,,0.4107,0.5892999999999999
41,Banten,2015,11955200.0,91.11,67.94,71.41,67.54,7.66,8.86,12.47,12.3,9728960.0,16092550.0,67.96,74.59,0.3034,0.6966,0.1882,0.8118,0.1613,0.8387,0.4132,0.5868
42,Banten,2016,12203100.0,90.97,69.14,71.44,67.54,7.82,8.9,12.6,12.79,9922000.0,16306000.0,68.5,75.3,0.3105,0.6895,0.1882,0.8118,0.25329999999999997,0.7467,0.4448,0.5552
43,Banten,2017,12448200.0,91.14,70.0,71.47,67.57,7.98,9.07,12.77,12.8,10031000.0,16588000.0,68.99,75.7,0.31129999999999997,0.6887000000000001,0.2,0.8,0.24760000000000001,0.7524,0.42840000000000006,0.5715999999999999
44,Banten,2018,12689700.0,91.3,72.75,71.62,67.72,8.04,9.18,12.9,12.81,10351000.0,17132000.0,69.59,76.22,0.3129,0.6871,0.2353,0.7646999999999999,0.2848,0.7152000000000001,0.4202,0.5798
45,Banten,2019,12927300.0,91.67,68.83,71.81,67.97,8.24,9.22,12.98,12.82,10593000.0,17532000.0,70.23,76.61,0.31620000000000004,0.6838,0.1765,0.8235,0.2688,0.7312000000000001,0.4318,0.5682
46,Banten,2020,11904560.0,91.74,68.76,71.93,68.08,8.45,9.33,12.99,12.89,10309000.0,17027000.0,70.29,76.62,0.31739999999999996,0.6826000000000001,0.1765,0.8235,0.3389,0.6611,0.4397,0.5603
47,Banten,2021,12061480.0,91.83,69.09,71.99,68.15,8.46,9.37,13.16,12.9,10371000.0,17253000.0,70.56,76.84,0.3195,0.6805,0.1765,0.8235,0.34259999999999996,0.6574,0.4572,0.5428
48,Bengkulu,2010,1715500.0,88.88,68.5,69.81,65.92,7.25,8.25,11.74,11.45,6604590.0,12334860.0,61.92,69.67,0.3319,0.6681,0.1778,0.8222,,,0.4866,0.5134000000000001
49,Bengkulu,2011,1753000.0,89.47,69.33,69.98,66.08,7.32,8.34,11.93,11.83,6975110.0,12335040.0,62.88,70.28,0.3321,0.6678999999999999,0.1778,0.8222,,,0.5013000000000001,0.4986999999999999
50,Bengkulu,2012,1783700.0,90.51,69.57,70.16,66.26,7.54,8.48,12.57,11.85,6975110.0,12335210.0,63.86,70.55,0.33490000000000003,0.6651,0.1778,0.8222,,,0.5007,0.49929999999999997
51,Bengkulu,2013,1814400.0,90.55,73.45,70.32,66.43,7.57,8.58,12.95,12.62,7366400.0,12493330.0,64.93,71.71,0.3381,0.6618999999999999,0.22219999999999998,0.7778,,,0.5166,0.48340000000000005
52,Bengkulu,2014,1844800.0,91.02,68.76,70.35,66.47,7.88,8.67,13.19,12.86,7489390.0,12653460.0,65.72,72.21,0.34340000000000004,0.6566,0.15560000000000002,0.8444,,,0.5075,0.49250000000000005
53,Bengkulu,2015,1874900.0,91.38,68.86,70.48,66.6,7.89,8.7,13.56,12.87,7492370.0,12753060.0,66.16,72.4,0.35100000000000003,0.649,0.15560000000000002,0.8444,0.2594,0.7405999999999999,0.5227,0.47729999999999995
54,Bengkulu,2016,1904800.0,91.06,71.09,70.49,66.62,8.01,8.72,13.57,13.2,7705000.0,13273000.0,66.61,73.15,0.35109999999999997,0.6489,0.1778,0.8222,0.22329999999999997,0.7767000000000001,0.5091,0.4909
55,Bengkulu,2017,1934300.0,91.34,71.4,70.51,66.64,8.16,8.76,13.86,13.29,7811000.0,13683000.0,67.22,73.59,0.3521,0.6478999999999999,0.1778,0.8222,0.1998,0.8002,0.4899,0.5101
56,Bengkulu,2018,1963300.0,91.37,69.6,70.76,66.89,8.28,8.93,13.98,13.3,8014000.0,14197000.0,67.87,74.28,0.35240000000000005,0.6476,0.15560000000000002,0.8444,0.22870000000000001,0.7713,0.4902,0.5098
57,Bengkulu,2019,1991800.0,91.19,69.78,71.13,67.28,8.34,9.1,13.99,13.38,8207000.0,14538000.0,68.38,74.99,0.3525,0.6475,0.15560000000000002,0.8444,0.2814,0.7186,0.5267000000000001,0.47329999999999994
58,Bengkulu,2020,2010670.0,91.0,70.48,71.27,67.47,8.5,9.18,14.0,13.56,8159000.0,14510000.0,68.57,75.35,0.35240000000000005,0.6476,0.1628,0.8371999999999999,0.24670000000000003,0.7533,0.519,0.481
59,Bengkulu,2021,2032940.0,91.16,70.22,71.4,67.54,8.59,9.19,14.06,13.62,8233000.0,14689000.0,68.89,75.57,0.3507,0.6493,0.1591,0.8409,0.2566,0.7434000000000001,0.5131,0.4869
60,Gorontalo,2010,1040200.0,83.26,61.35,68.41,64.51,7.08,6.62,11.48,10.74,3704890.0,10640310.0,53.83,64.66,0.23399999999999999,0.766,0.2,0.8,,,0.5498,0.45020000000000004
61,Gorontalo,2011,1062600.0,84.19,62.12,68.59,64.68,7.12,6.65,12.24,11.13,3894260.0,11184170.0,55.31,65.69,0.23870000000000002,0.7613,0.2,0.8,,,0.5392,0.4608
62,Gorontalo,2012,1080300.0,84.54,62.08,68.77,64.84,7.15,6.66,12.47,11.45,4093310.0,11755830.0,56.29,66.59,0.24350000000000002,0.7565,0.2,0.8,,,0.5761999999999999,0.42380000000000007
63,Gorontalo,2013,1098000.0,84.57,60.89,68.94,65.0,7.19,6.67,12.49,11.77,4302530.0,12356710.0,57.08,67.49,0.2464,0.7536,0.1778,0.8222,,,0.5663,0.4337
64,Gorontalo,2014,1115600.0,85.09,67.36,69.03,65.08,7.22,6.7,12.91,12.08,4522450.0,12988300.0,58.17,68.36,0.2494,0.7505999999999999,0.2667,0.7333000000000001,,,0.5819,0.4181
65,Gorontalo,2015,1133200.0,85.87,69.26,69.14,65.2,7.34,6.76,13.23,12.19,4634030.0,13015770.0,58.95,68.65,0.2505,0.7495,0.2889,0.7111000000000001,0.4328,0.5671999999999999,0.5853,0.41469999999999996
66,Gorontalo,2016,1150800.0,86.12,69.7,69.16,65.22,7.41,6.82,13.4,12.41,4749000.0,13156000.0,59.5,69.09,0.2554,0.7445999999999999,0.2889,0.7111000000000001,0.3652,0.6348,0.5954999999999999,0.4045000000000001
67,Gorontalo,2017,1168200.0,86.64,71.09,69.2,65.22,7.56,6.98,13.5,12.54,4995000.0,13552000.0,60.4,69.71,0.261,0.739,0.2955,0.7045,0.3729,0.6271,0.5772999999999999,0.4227000000000001
68,Gorontalo,2018,1185500.0,86.63,71.23,69.53,65.51,7.76,7.14,13.51,12.77,5126000.0,13860000.0,61.09,70.52,0.2645,0.7355,0.2889,0.7111000000000001,0.3947,0.6053,0.5801,0.41990000000000005
69,Gorontalo,2019,1202600.0,86.83,70.67,69.94,66.01,8.0,7.37,13.54,12.78,5271000.0,14186000.0,61.9,71.29,0.2693,0.7307,0.2667,0.7333000000000001,0.4582,0.5418000000000001,0.5736,0.4264
70,Gorontalo,2020,1171680.0,86.73,70.74,70.09,66.14,8.09,7.53,13.55,12.8,5252000.0,14079000.0,62.03,71.52,0.2703,0.7297,0.2667,0.7333000000000001,0.5043,0.49570000000000003,0.5731,0.42689999999999995
71,Gorontalo,2021,1180950.0,87.5,70.4,70.21,66.27,8.22,7.58,13.79,12.81,5394000.0,14211000.0,62.77,71.74,0.26899999999999996,0.7310000000000001,0.2667,0.7333000000000001,0.39799999999999996,0.6020000000000001,0.5878,0.4122
72,Indonesia,2010,237641300.0,89.42,68.15,71.83,67.89,6.89,7.91,11.37,11.2,7570960.0,13856370.0,63.43,70.94,0.335,0.665,0.17489999999999997,0.8251000000000001,,,0.44020000000000004,0.5598
73,Indonesia,2011,241990500.0,89.52,69.14,72.02,68.09,6.96,7.98,11.56,11.41,7688350.0,13984250.0,63.96,71.45,0.34159999999999996,0.6584000000000001,0.17489999999999997,0.8251000000000001,,,0.4575,0.5425
74,Indonesia,2012,245425200.0,90.07,70.07,72.22,68.29,7.03,8.06,11.75,11.63,8062860.0,14113320.0,64.83,71.98,0.34700000000000003,0.653,0.1804,0.8196,,,0.4522,0.5478000000000001
75,Indonesia,2013,248818100.0,90.19,70.46,72.41,68.49,7.09,8.14,12.13,12.07,8189480.0,14131700.0,65.56,72.69,0.3517,0.6483,0.1804,0.8196,,,0.4482,0.5518000000000001
76,Indonesia,2014,252164800.0,90.34,70.68,72.59,68.87,7.23,8.24,12.4,12.37,8316459.999999999,14150080.0,66.27,73.36,0.3564,0.6436,0.1732,0.8268,,,0.4561,0.5439
77,Indonesia,2015,255461700.0,91.03,70.83,72.78,68.93,7.35,8.35,12.68,12.42,8464160.0,14163150.0,66.98,73.58,0.3603,0.6396999999999999,0.1732,0.8268,0.2232,0.7767999999999999,0.4603,0.5397000000000001
78,Indonesia,2016,258705000.0,90.82,71.39,72.8,69.09,7.5,8.41,12.79,12.67,8591000.0,14554000.0,67.44,74.26,0.3642,0.6357999999999999,0.1732,0.8268,0.23600000000000002,0.764,0.47590000000000005,0.5241
79,Indonesia,2017,261890900.0,90.96,71.74,73.06,69.16,7.65,8.56,12.93,12.78,8752000.0,14932000.0,68.08,74.85,0.36619999999999997,0.6338,0.1732,0.8268,0.2656,0.7343999999999999,0.4631,0.5368999999999999
80,Indonesia,2018,265015300.0,90.99,72.1,73.19,69.3,7.72,8.62,12.99,12.84,9042000.0,15546000.0,68.63,75.43,0.36700000000000005,0.633,0.1732,0.8268,0.2875,0.7125,0.4702,0.5298
81,Indonesia,2019,268074599.99999997,91.07,75.24,73.33,69.44,7.89,8.81,13.03,12.87,9244000.0,15866000.0,69.18,75.96,0.371,0.629,0.2052,0.7948,0.3037,0.6962999999999999,0.4746,0.5254
82,Indonesia,2020,270203920.0,91.06,75.57,73.46,69.59,8.07,8.9,13.04,12.93,9004000.0,15463000.0,69.19,75.98,0.3726,0.6274,0.2109,0.7891,0.3308,0.6692,0.4876,0.5124
83,Indonesia,2021,272682520.0,91.27,76.26,73.55,69.67,8.17,8.92,13.22,12.95,9050000.0,15770000.0,69.59,76.25,0.3722,0.6278,0.2189,0.7811,0.325,0.675,0.4999,0.5001
84,Jakarta Raya,2010,9607800.0,93.76,73.23,73.65,69.86,9.85,10.88,11.55,12.22,14999550.0,19429050.0,74.98,79.98,0.3591,0.6409,0.23399999999999999,0.766,,,0.4338,0.5662
85,Jakarta Raya,2011,9752100.0,93.76,74.7,73.8,70.02,9.87,10.95,11.63,12.24,15031720.0,19494920.0,75.19,80.19,0.3653,0.6347,0.2447,0.7553,,,0.4253,0.5747
86,Jakarta Raya,2012,9862100.0,94.11,76.14,73.96,70.19,9.88,10.96,11.78,12.26,15312410.0,19561010.0,75.61,80.35,0.3655,0.6345000000000001,0.2447,0.7553,,,0.48829999999999996,0.5117
87,Jakarta Raya,2013,9969900.0,94.26,77.43,74.12,70.36,9.9,10.97,12.22,12.28,15598350.0,20741160.0,76.35,81.0,0.36719999999999997,0.6328,0.2717,0.7283,,,0.42469999999999997,0.5753
88,Jakarta Raya,2014,10075300.0,94.6,71.19,74.2,70.44,10.09,10.99,12.3,12.47,15876090.0,20757690.0,76.88,81.27,0.369,0.631,0.17920000000000003,0.8208,,,0.4296,0.5704
89,Jakarta Raya,2015,10177900.0,94.72,71.41,74.36,70.6,10.2,11.21,12.53,12.61,16080730.0,20761300.0,77.45,81.77,0.3754,0.6246,0.17920000000000003,0.8208,0.2351,0.7649,0.44689999999999996,0.5531
90,Jakarta Raya,2016,10277600.0,94.98,72.14,74.41,70.72,10.42,11.34,12.8,12.68,16284000.0,21247000.0,78.15,82.28,0.3757,0.6243000000000001,0.1887,0.8113,0.24239999999999998,0.7576,0.4329,0.5670999999999999
91,Jakarta Raya,2017,10374200.0,94.7,72.34,74.41,70.78,10.61,11.43,12.81,12.96,16433000.0,21620000.0,78.48,82.87,0.3774,0.6226,0.1887,0.8113,0.3031,0.6969000000000001,0.43520000000000003,0.5648
92,Jakarta Raya,2018,10467600.0,94.7,73.68,74.56,70.87,10.63,11.46,12.91,12.99,16762000.0,22345000.0,78.87,83.28,0.37799999999999995,0.6220000000000001,0.1981,0.8019000000000001,0.3016,0.6984,0.4732,0.5267999999999999
93,Jakarta Raya,2019,10557800.0,94.71,75.14,74.68,70.96,10.65,11.47,12.93,13.0,17087000.0,22912000.0,79.16,83.58,0.37939999999999996,0.6206,0.217,0.783,0.35960000000000003,0.6404,0.449,0.5509999999999999
94,Jakarta Raya,2020,10562090.0,94.63,75.16,74.8,71.1,10.76,11.5,12.94,13.09,16742000.0,22614000.0,79.17,83.66,0.38060000000000005,0.6194,0.217,0.783,0.3419,0.6581,0.461,0.5389999999999999
95,Jakarta Raya,2021,10609680.0,94.84,75.42,74.91,71.21,10.83,11.52,13.03,13.1,16993000.0,22910000.0,79.54,83.87,0.3836,0.6164000000000001,0.217,0.783,0.33149999999999996,0.6685000000000001,0.4929,0.5071
96,Jambi,2010,3092300.0,83.04,57.91,71.88,67.99,6.7,7.96,11.45,11.24,4751460.0,12063980.0,57.98,69.82,0.2724,0.7276,0.11109999999999999,0.8889,,,0.4378,0.5622
97,Jambi,2011,3167600.0,83.94,58.89,72.03,68.14,6.89,8.05,11.66,11.54,5295580.0,13276690.0,59.8,71.24,0.2738,0.7262,0.11109999999999999,0.8889,,,0.5173,0.4827
98,Jambi,2012,3227100.0,85.91,61.52,72.18,68.3,7.12,8.24,11.87,11.58,5902010.0,13492070.0,61.64,71.75,0.2762,0.7238,0.1333,0.8667,,,0.48619999999999997,0.5138
99,Jambi,2013,3286100.0,87.69,66.19,72.33,68.46,7.3,8.28,12.31,12.03,6579620.0,13710950.0,63.6,72.53,0.2801,0.7199,0.1778,0.8222,,,0.4935,0.5065
100,Jambi,2014,3344400.0,87.88,61.93,72.41,68.54,7.37,8.44,12.5,12.27,6822350.0,13933380.0,64.32,73.19,0.284,0.716,0.1273,0.8727,,,0.4888,0.5112
101,Jambi,2015,3402100.0,88.44,62.43,72.54,68.67,7.44,8.46,12.88,12.28,6841430.0,14013260.0,64.87,73.35,0.2882,0.7118,0.1273,0.8727,0.248,0.752,0.4866,0.5134000000000001
102,Jambi,2016,3458900.0,88.29,63.14,72.62,68.69,7.63,8.5,12.89,12.57,7001000.0,14547000.0,65.4,74.07,0.29469999999999996,0.7053,0.1273,0.8727,0.1916,0.8084,0.4979,0.5021
103,Jambi,2017,3515000.0,88.13,65.32,72.67,68.75,7.7,8.59,13.04,12.72,7081000.0,14962000.0,65.78,74.64,0.2987,0.7013,0.14550000000000002,0.8545,0.185,0.815,0.5191,0.4809
104,Jambi,2018,3570300.0,88.44,67.78,72.8,68.89,7.77,8.67,13.15,12.73,7367000.0,15522000.0,66.47,75.16,0.3009,0.6991,0.1698,0.8302,0.2468,0.7532,0.5357999999999999,0.46420000000000006
105,Jambi,2019,3624600.0,88.44,65.97,72.97,69.11,8.01,8.87,13.16,12.88,7523000.0,15776000.0,67.07,75.84,0.3023,0.6977,0.14550000000000002,0.8545,0.2872,0.7128,0.5136,0.48640000000000005
106,Jambi,2020,3548230.0,88.41,65.86,73.07,69.27,8.17,8.91,13.17,12.94,7366000.0,15498000.0,67.08,75.87,0.30260000000000004,0.6974,0.14550000000000002,0.8545,0.3529,0.6471,0.5051,0.4949
107,Jambi,2021,3585120.0,88.62,65.93,73.19,69.33,8.23,8.95,13.24,12.95,7494000.0,15770000.0,67.46,76.12,0.3044,0.6956,0.14550000000000002,0.8545,0.2966,0.7034,0.5156000000000001,0.48439999999999994
108,Jawa Barat,2010,43053700.0,86.94,67.01,73.27,69.4,6.83,7.95,10.58,10.81,6499400.0,13020010.0,61.45,70.67,0.2729,0.7271000000000001,0.24,0.76,,,0.3801,0.6199
109,Jawa Barat,2011,43938800.0,87.12,68.08,73.53,69.68,6.88,8.02,10.78,11.02,6708370.0,13369680.0,62.19,71.38,0.2738,0.7262,0.24,0.76,,,0.38189999999999996,0.6181000000000001
110,Jawa Barat,2012,44643500.0,87.79,68.62,73.79,69.95,6.97,8.06,11.24,11.24,6918590.0,13719360.0,63.25,72.04,0.27690000000000003,0.7231,0.24,0.76,,,0.3876,0.6124
111,Jawa Barat,2013,45340800.0,88.21,67.57,74.05,70.22,7.06,8.09,11.75,11.87,7147480.0,13787950.0,64.37,72.98,0.2805,0.7195,0.22,0.78,,,0.38439999999999996,0.6156
112,Jawa Barat,2014,46029600.0,88.35,68.87,74.18,70.35,7.2,8.21,12.03,12.13,7181460.0,13820730.0,64.95,73.52,0.2841,0.7159,0.22,0.78,,,0.4022,0.5978
113,Jawa Barat,2015,46709600.0,89.11,69.02,74.36,70.54,7.35,8.36,12.34,12.14,7343010.0,13829940.0,65.79,73.82,0.2903,0.7097,0.22,0.78,0.2036,0.7964,0.4,0.6
114,Jawa Barat,2016,47379400.0,89.56,71.15,74.39,70.57,7.52,8.37,12.5,12.15,7478000.0,14210000.0,66.37,74.11,0.2907,0.7093,0.24,0.76,0.2284,0.7716000000000001,0.4227,0.5772999999999999
115,Jawa Barat,2017,48037600.0,89.18,70.04,74.42,70.58,7.69,8.59,12.51,12.41,7599000.0,14495000.0,66.78,74.88,0.2945,0.7055,0.22,0.78,0.24100000000000002,0.759,0.41600000000000004,0.584
116,Jawa Barat,2018,48683700.0,89.19,70.2,74.62,70.76,7.71,8.6,12.52,12.44,7905000.0,15258000.0,67.33,75.49,0.29510000000000003,0.7049,0.22,0.78,0.2756,0.7243999999999999,0.4138,0.5862
117,Jawa Barat,2019,49316700.0,89.26,69.48,74.81,71.03,7.9,8.83,12.55,12.45,8173000.0,15760000.0,68.04,76.23,0.2994,0.7006,0.2,0.8,0.2817,0.7182999999999999,0.4155,0.5845
118,Jawa Barat,2020,48274160.0,89.2,70.24,75.0,71.3,8.11,8.97,12.56,12.5,7937000.0,15275000.0,68.07,76.31,0.301,0.6990000000000001,0.20829999999999999,0.7917000000000001,0.3144,0.6856,0.4302,0.5698
119,Jawa Barat,2021,48782400.0,89.36,70.62,75.19,71.57,8.23,8.98,12.68,12.59,7995000.0,15459000.0,68.5,76.66,0.3004,0.6996,0.20829999999999999,0.7917000000000001,0.3373,0.6627000000000001,0.4535,0.5465
120,Jawa Tengah,2010,32382700.0,90.32,67.96,74.75,70.8,6.12,7.34,10.95,11.17,8058470.0,12701160.0,63.79,70.63,0.32049999999999995,0.6795,0.19,0.81,,,0.4489,0.5510999999999999
121,Jawa Tengah,2011,32725400.0,90.92,68.99,74.92,70.99,6.15,7.36,11.15,11.22,8393810.0,12961060.0,64.55,71.0,0.3233,0.6767000000000001,0.19,0.81,,,0.4697,0.5303
122,Jawa Tengah,2012,32998699.999999996,91.12,70.82,75.1,71.18,6.18,7.39,11.35,11.43,8642910.0,13226280.0,65.2,71.56,0.32549999999999996,0.6745000000000001,0.19,0.81,,,0.4522,0.5478000000000001
123,Jawa Tengah,2013,33264300.000000004,91.5,71.22,75.28,71.37,6.23,7.4,11.87,11.91,8787870.0,13285550.0,66.1,72.25,0.3299,0.6700999999999999,0.21,0.79,,,0.457,0.5429999999999999
124,Jawa Tengah,2014,33522699.999999996,91.89,74.46,75.87,71.97,6.4,7.47,12.14,12.2,8944660.0,13344820.0,67.08,73.0,0.3346,0.6654,0.24,0.76,,,0.4567,0.5433
125,Jawa Tengah,2015,33774100.0,92.21,74.8,75.95,72.05,6.5,7.59,12.47,12.29,9000700.0,13469180.0,67.67,73.39,0.3406,0.6594,0.24239999999999998,0.7576,0.2534,0.7465999999999999,0.4772,0.5227999999999999
126,Jawa Tengah,2016,34019100.0,92.22,74.89,75.99,72.1,6.65,7.68,12.57,12.34,9107000.0,13871000.0,68.12,73.87,0.34090000000000004,0.6591,0.24,0.76,0.23989999999999997,0.7601,0.493,0.507
127,Jawa Tengah,2017,34257900.0,91.94,75.1,76.02,72.16,6.78,7.79,12.63,12.52,9207000.0,14214000.0,68.48,74.48,0.34130000000000005,0.6587,0.24,0.76,0.2516,0.7484,0.4697,0.5303
128,Jawa Tengah,2018,34490800.0,91.95,74.03,76.1,72.28,6.87,7.86,12.64,12.62,9603000.0,14822000.0,69.08,75.13,0.3428,0.6572,0.22,0.78,0.31670000000000004,0.6833,0.4757,0.5243
129,Jawa Tengah,2019,34718200.0,91.89,72.18,76.16,72.33,7.03,8.06,12.66,12.69,9895000.0,15279000.0,69.64,75.79,0.3431,0.6569,0.1917,0.8083,0.331,0.669,0.4936,0.5064
130,Jawa Tengah,2020,36516040.0,92.18,71.73,76.3,72.51,7.24,8.16,12.79,12.7,9724000.0,15031000.0,69.94,75.87,0.3429,0.6571,0.188,0.812,0.3343,0.6657,0.502,0.498
131,Jawa Tengah,2021,36742500.0,92.48,71.64,76.42,72.61,7.34,8.17,12.93,12.71,9805000.0,15253000.0,70.36,76.08,0.34600000000000003,0.6539999999999999,0.1833,0.8167,0.3091,0.6909000000000001,0.5067,0.49329999999999996
132,Jawa Timur,2010,37476800.0,88.8,67.91,71.89,68.0,6.06,7.45,11.39,11.61,7325760.0,12492920.0,62.04,69.87,0.3258,0.6742,0.18,0.8200000000000001,,,0.45640000000000003,0.5436
133,Jawa Timur,2011,37840700.0,89.28,68.62,72.01,68.13,6.13,7.49,11.51,11.72,7741100.0,12930440.0,62.89,70.44,0.32630000000000003,0.6737,0.18,0.8200000000000001,,,0.4827,0.5173
134,Jawa Timur,2012,38106600.0,89.36,69.29,72.13,68.25,6.2,7.54,11.73,11.76,8180000.0,14164770.0,63.83,71.43,0.33520000000000005,0.6648,0.18,0.8200000000000001,,,0.4681,0.5319
135,Jawa Timur,2013,38363200.0,90.22,70.77,72.33,68.45,6.31,7.54,12.09,12.24,8678090.0,14246260.0,65.07,72.13,0.3417,0.6583,0.19,0.81,,,0.4678,0.5322
136,Jawa Timur,2014,38610200.0,90.83,68.17,72.44,68.56,6.45,7.69,12.31,12.6,9206520.0,14286600.0,66.14,72.81,0.3483,0.6517,0.15,0.85,,,0.4604,0.5396000000000001
137,Jawa Timur,2015,38847600.0,91.07,68.41,72.67,68.79,6.57,7.75,12.6,12.72,9264480.0,14579320.0,66.78,73.32,0.3517,0.6483,0.15,0.85,0.2077,0.7923,0.4644,0.5356000000000001
138,Jawa Timur,2016,39075300.0,90.72,69.06,72.68,68.8,6.69,7.81,12.78,13.2,9459000.0,15063000.0,67.34,74.23,0.3552,0.6448,0.15,0.85,0.2661,0.7339,0.4814,0.5186
139,Jawa Timur,2017,39293000.0,90.76,69.37,72.7,68.82,6.78,7.93,13.03,13.21,9580000.0,15671000.0,67.86,74.77,0.3563,0.6436999999999999,0.15,0.85,0.3225,0.6775,0.4736,0.5264
140,Jawa Timur,2018,39500900.0,90.77,69.71,72.87,68.99,6.85,7.96,13.07,13.22,9820000.0,16321000.0,68.32,75.27,0.3564,0.6436,0.15,0.85,0.2813,0.7187,0.4768,0.5232
141,Jawa Timur,2019,39698900.0,90.91,73.04,73.15,69.3,7.04,8.18,13.15,13.23,10137000.0,16837000.0,69.09,76.0,0.3568,0.6432,0.1833,0.8167,0.3592,0.6408,0.489,0.511
142,Jawa Timur,2020,40665700.0,91.07,73.03,73.27,69.42,7.3,8.3,13.19,13.24,9976000.0,16707000.0,69.36,76.16,0.35810000000000003,0.6418999999999999,0.1833,0.8167,0.39990000000000003,0.6001,0.4965,0.5035000000000001
143,Jawa Timur,2021,40878790.0,91.67,72.36,73.35,69.51,7.45,8.33,13.47,13.25,10055000.0,16828000.0,69.96,76.32,0.35719999999999996,0.6428,0.175,0.825,0.3786,0.6214,0.5073,0.4927
144,Kalimantan Barat,2010,4396000.0,84.09,55.26,71.07,67.15,5.61,6.92,10.7,10.86,5118840.0,11477560.0,56.43,67.11,0.32909999999999995,0.6709,0.0545,0.9455,,,0.4128,0.5871999999999999
145,Kalimantan Barat,2011,4488900.0,84.1,56.39,71.28,67.35,5.66,6.96,10.71,11.01,5197310.0,11568730.0,56.77,67.51,0.3319,0.6681,0.0545,0.9455,,,0.43420000000000003,0.5658
146,Kalimantan Barat,2012,4565600.0,84.28,59.34,71.47,67.56,5.97,7.25,11.05,11.17,5276010.0,12035530.0,57.77,68.55,0.34020000000000006,0.6597999999999999,0.0727,0.9273,,,0.4537,0.5463
147,Kalimantan Barat,2013,4641400.0,84.39,58.78,71.66,67.76,6.01,7.3,11.61,11.6,5307620.0,12268300.0,58.55,69.38,0.34159999999999996,0.6584000000000001,0.0727,0.9273,,,0.406,0.594
148,Kalimantan Barat,2014,4716100.0,84.72,64.1,71.75,67.86,6.29,7.35,11.62,12.4,5652800.0,12340720.0,59.68,70.45,0.3477,0.6523,0.10769999999999999,0.8923,,,0.46619999999999995,0.5338
149,Kalimantan Barat,2015,4789600.0,85.61,64.44,71.87,67.97,6.43,7.42,12.11,12.41,5680090.0,12366370.0,60.46,70.63,0.34869999999999995,0.6513,0.10769999999999999,0.8923,0.2238,0.7762,0.4677,0.5323
150,Kalimantan Barat,2016,4861700.0,85.77,64.37,71.89,67.99,6.44,7.49,12.3,12.45,5726000.0,12474000.0,60.77,70.85,0.3492,0.6508,0.10769999999999999,0.8923,0.2566,0.7434000000000001,0.43770000000000003,0.5623
151,Kalimantan Barat,2017,4932500.0,86.28,64.46,71.9,68.0,6.49,7.59,12.68,12.46,5803000.0,12669000.0,61.38,71.14,0.34990000000000004,0.6500999999999999,0.10769999999999999,0.8923,0.1865,0.8135,0.43939999999999996,0.5606
152,Kalimantan Barat,2018,5001700.0,86.74,64.47,72.16,68.26,6.62,7.61,12.69,12.53,6118000.0,13240000.0,62.26,71.78,0.35,0.65,0.10769999999999999,0.8923,0.272,0.728,0.4269,0.5730999999999999
153,Kalimantan Barat,2019,5069100.0,86.81,68.07,72.55,68.67,6.79,7.81,12.72,12.56,6256000.0,13540000.0,62.92,72.48,0.3506,0.6494,0.13849999999999998,0.8615,0.2325,0.7675,0.44380000000000003,0.5562
154,Kalimantan Barat,2020,5414390.0,86.87,68.07,72.67,68.8,6.84,7.88,12.89,12.57,6134000.0,13314000.0,62.97,72.49,0.3521,0.6478999999999999,0.13849999999999998,0.8615,0.2437,0.7563,0.4485,0.5515
155,Kalimantan Barat,2021,5470800.0,86.95,71.14,72.74,68.87,6.93,7.94,12.94,12.62,6165000.0,13391000.0,63.22,72.71,0.3519,0.6481,0.16920000000000002,0.8308,0.2368,0.7632,0.4689,0.5311
156,Kalimantan Selatan,2010,3626600.0,88.0,62.53,68.63,64.76,6.72,7.8,10.97,10.74,7441120.0,15194580.0,61.21,69.56,0.3371,0.6629,0.1091,0.8909,,,0.45049999999999996,0.5495000000000001
157,Kalimantan Selatan,2011,3714300.0,88.09,66.61,68.86,64.99,6.84,7.91,11.3,11.09,7623000.0,15601250.0,62.06,70.45,0.3447,0.6553,0.14550000000000002,0.8545,,,0.45020000000000004,0.5498
158,Kalimantan Selatan,2012,3785000.0,88.33,68.4,69.09,65.23,6.95,8.02,11.63,11.44,7792970.0,15697380.0,62.87,71.17,0.3448,0.6552,0.1636,0.8364,,,0.4216,0.5784
159,Kalimantan Selatan,2013,3854500.0,88.33,65.6,69.33,65.46,7.09,8.09,11.79,11.55,7840280.0,16170610.0,63.39,71.76,0.3469,0.6531,0.1273,0.8727,,,0.4404,0.5596
160,Kalimantan Selatan,2014,3922800.0,88.46,68.22,69.45,65.57,7.1,8.1,12.12,11.81,7887640.0,16311160.0,63.87,72.2,0.349,0.651,0.14550000000000002,0.8545,,,0.4432,0.5568
161,Kalimantan Selatan,2015,3989800.0,88.55,70.05,69.78,65.9,7.23,8.29,12.29,12.15,8170240.0,16471470.000000002,64.7,73.07,0.3538,0.6462,0.1636,0.8364,0.2249,0.7751,0.45030000000000003,0.5497
162,Kalimantan Selatan,2016,4055500.0,88.86,67.4,69.84,65.92,7.4,8.38,12.41,12.16,8403000.0,17107000.0,65.36,73.55,0.3605,0.6395,0.127,0.873,0.2069,0.7931,0.5129,0.4871
163,Kalimantan Selatan,2017,4119800.0,88.6,67.56,69.95,65.98,7.52,8.45,12.42,12.53,8564000.0,17402000.0,65.76,74.22,0.3626,0.6374,0.1273,0.8727,0.2473,0.7527,0.4685,0.5315
164,Kalimantan Selatan,2018,4182700.0,88.61,71.31,70.19,66.16,7.53,8.46,12.43,12.69,8867000.0,17938000.0,66.25,74.77,0.3627,0.6373,0.1636,0.8364,0.2007,0.7993,0.4844,0.5156000000000001
165,Kalimantan Selatan,2019,4244100.0,88.61,74.6,70.45,66.55,7.7,8.68,12.51,12.7,8986000.0,18204000.0,66.8,75.39,0.36340000000000006,0.6365999999999999,0.2,0.8,0.2658,0.7342,0.4829,0.5171
166,Kalimantan Selatan,2020,4073580.0,88.86,74.48,70.62,66.76,7.88,8.7,12.67,12.71,8777000.0,17969000.0,67.02,75.42,0.3651,0.6349,0.2,0.8,0.2927,0.7073,0.5135000000000001,0.48649999999999993
167,Kalimantan Selatan,2021,4122580.0,88.86,74.58,70.79,66.97,7.91,8.77,12.81,12.78,8846000.0,18148000.0,67.35,75.79,0.368,0.632,0.2,0.8,0.2848,0.7152000000000001,0.517,0.483
168,Kalimantan Tengah,2010,2212100.0,88.02,68.62,70.98,67.16,7.1,7.97,11.13,11.04,6782450.0,13624700.0,61.91,70.33,0.3187,0.6813,0.1778,0.8222,,,0.43310000000000004,0.5669
169,Kalimantan Tengah,2011,2275100.0,88.11,69.48,71.06,67.25,7.12,8.03,11.15,11.13,6942410.0,13743540.0,62.24,70.64,0.3233,0.6767000000000001,0.1778,0.8222,,,0.4522,0.5478000000000001
170,Kalimantan Tengah,2012,2329800.0,88.13,70.35,71.16,67.35,7.24,8.11,11.23,11.21,7011460.0,13984350.0,62.62,71.05,0.3292,0.6708000000000001,0.1778,0.8222,,,0.4355,0.5645
171,Kalimantan Tengah,2013,2384700.0,88.47,68.61,71.23,67.41,7.36,8.19,11.74,11.6,7080640.0,14108450.0,63.43,71.7,0.33020000000000005,0.6698,0.15560000000000002,0.8444,,,0.4386,0.5614
172,Kalimantan Tengah,2014,2439900.0,89.33,77.9,71.34,67.52,7.4,8.21,12.38,11.73,7150500.0,14167650.0,64.29,71.96,0.33130000000000004,0.6687,0.2667,0.7333000000000001,,,0.47590000000000005,0.5241
173,Kalimantan Tengah,2015,2495000.0,89.25,77.87,71.49,67.67,7.59,8.43,12.41,12.05,7326750.0,14198260.0,64.89,72.7,0.3326,0.6674,0.2667,0.7333000000000001,0.1826,0.8174,0.4507,0.5493
174,Kalimantan Tengah,2016,2550200.0,89.07,78.23,71.49,67.68,7.73,8.49,12.42,12.24,7488000.0,14706000.0,65.3,73.31,0.3326,0.6674,0.2667,0.7333000000000001,0.1025,0.8975,0.46619999999999995,0.5338
175,Kalimantan Tengah,2017,2605300.0,88.91,79.36,71.5,67.69,7.91,8.62,12.48,12.44,7597000.0,15094000.0,65.74,73.94,0.33390000000000003,0.6660999999999999,0.2889,0.7111000000000001,0.1653,0.8347,0.4299,0.5701
176,Kalimantan Tengah,2018,2660200.0,89.13,77.03,71.55,67.74,8.0,8.7,12.64,12.46,7857000.0,15776000.0,66.39,74.49,0.33390000000000003,0.6660999999999999,0.2444,0.7556,0.2208,0.7792,0.4424,0.5576
177,Kalimantan Tengah,2019,2714900.0,89.09,83.2,71.6,67.79,8.16,8.83,12.65,12.57,8050000.0,16238000.0,66.87,75.06,0.33399999999999996,0.666,0.3556,0.6444,0.2903,0.7097,0.4535,0.5465
178,Kalimantan Tengah,2020,2669970.0,89.03,82.41,71.66,67.84,8.25,8.89,12.66,12.67,8000000.0,16108000.0,66.95,75.2,0.33630000000000004,0.6637,0.3333,0.6667000000000001,0.2969,0.7031000000000001,0.4612,0.5388
179,Kalimantan Tengah,2021,2702170.0,88.79,82.08,71.72,67.89,8.29,8.96,12.67,12.85,8019000.0,16147000.0,67.06,75.53,0.3348,0.6652,0.3333,0.6667000000000001,0.26780000000000004,0.7322,0.4736,0.5264
180,Kalimantan Timur,2010,3553100.0,83.0,60.05,74.84,71.03,7.99,9.07,12.01,11.75,5562440.0,16361260.0,63.18,76.12,0.20579999999999998,0.7942,0.2,0.8,,,0.37560000000000004,0.6244
181,Kalimantan Timur,2011,3673900.0,83.18,61.29,75.05,71.25,8.21,9.3,12.32,12.05,5650580.0,16547020.0,64.01,76.96,0.2089,0.7911,0.2,0.8,,,0.4065,0.5935
182,Kalimantan Timur,2012,3772200.0,84.33,61.84,75.27,71.46,8.31,9.5,12.63,12.34,6159670.0,16734900.000000002,65.58,77.76,0.21100000000000002,0.7889999999999999,0.2,0.8,,,0.3917,0.6083000000000001
183,Kalimantan Timur,2013,3870800.0,84.69,63.12,75.46,71.68,8.42,9.52,13.01,12.71,6283500.0,16918550.0,66.39,78.39,0.2141,0.7859,0.2,0.8,,,0.4314,0.5686
184,Kalimantan Timur,2014,3969600.0,84.75,53.74,75.56,71.79,8.48,9.53,13.23,13.12,6407810.0,17074220.0,66.94,78.99,0.2173,0.7827,0.0909,0.9091,,,0.413,0.587
185,Kalimantan Timur,2015,3426600.0,85.07,55.96,75.59,71.82,8.68,9.57,13.29,13.13,6501610.0,17420170.0,67.41,79.24,0.2254,0.7746,0.1091,0.8909,0.1668,0.8331999999999999,0.424,0.5760000000000001
186,Kalimantan Timur,2016,3501200.0,85.6,56.93,75.59,71.85,8.82,9.61,13.53,13.2,6618000.0,17549000.0,68.02,79.46,0.23,0.77,0.1091,0.8909,0.2339,0.7661,0.4403,0.5597
187,Kalimantan Timur,2017,3575400.0,85.62,56.64,75.61,71.87,8.93,9.75,13.67,13.42,6751000.0,17830000.0,68.52,80.03,0.2343,0.7657,0.1091,0.8909,0.2335,0.7665,0.3936,0.6064
188,Kalimantan Timur,2018,3648800.0,85.63,57.53,75.87,72.13,9.06,9.86,13.68,13.67,6994000.0,18342000.0,69.21,80.82,0.2364,0.7636000000000001,0.1091,0.8909,0.24600000000000002,0.754,0.4168,0.5831999999999999
189,Kalimantan Timur,2019,3721400.0,85.98,65.65,76.13,72.41,9.25,10.11,13.86,13.68,7255000.0,18937000.0,70.14,81.58,0.24059999999999998,0.7594000000000001,0.1818,0.8182,0.2194,0.7806,0.4412,0.5588
190,Kalimantan Timur,2020,3766040.0,85.7,65.54,76.21,72.54,9.27,10.22,13.87,13.71,6943000.0,17958000.0,69.69,81.32,0.24170000000000003,0.7583,0.1818,0.8182,0.30519999999999997,0.6948000000000001,0.4586,0.5414
191,Kalimantan Timur,2021,3808240.0,85.95,66.64,76.51,72.79,9.42,10.23,13.88,13.8,7161000.0,18560000.0,70.36,81.86,0.24050000000000002,0.7595,0.20370000000000002,0.7963,0.3038,0.6961999999999999,0.4537,0.5463
192,Kalimantan Utara,2010,,,,,,,,,,,,,,,,,,,,,
193,Kalimantan Utara,2011,,,,,,,,,,,,,,,,,,,,,
194,Kalimantan Utara,2012,,,,,,7.62,,,,,,,,,,,,,,,
195,Kalimantan Utara,2013,,85.63,,73.88,70.06,8.0,8.62,12.48,12.18,3475750.0,11335270.0,62.08,72.5,0.2504,0.7496,,,,,0.3627,0.6373
196,Kalimantan Utara,2014,,85.67,66.52,73.98,70.17,8.24,9.11,12.64,12.45,4070880.0,11391640.0,63.0,73.54,0.2541,0.7459,0.2,0.8,,,0.3859,0.6141
197,Kalimantan Utara,2015,641900.0,85.68,67.31,74.28,70.47,8.25,9.12,12.65,12.46,4092050.0,11657740.0,63.27,73.84,0.2541,0.7459,0.2,0.8,0.1351,0.8649,0.397,0.603
198,Kalimantan Utara,2016,666300.0,86.34,63.52,74.3,70.49,8.43,9.14,12.7,12.47,,,63.82,73.92,0.25429999999999997,0.7457,0.1429,0.8571,0.1841,0.8159,0.4875,0.5125
199,Kalimantan Utara,2017,691100.0,85.96,61.09,74.34,70.5,8.44,9.27,12.77,12.81,5528000.0,12380000.0,64.14,74.62,0.2588,0.7412000000000001,0.1143,0.8857,0.13449999999999998,0.8655,0.4482,0.5518000000000001
200,Kalimantan Utara,2018,716400.0,86.74,69.53,74.37,70.52,8.69,9.52,13.22,12.82,5725000.0,12786000.0,65.29,75.27,0.2616,0.7384,0.2,0.8,0.1916,0.8084,0.4436,0.5564
201,Kalimantan Utara,2019,742200.0,87.0,61.48,74.4,70.57,8.76,9.59,13.24,12.83,5990000.0,13348000.0,65.96,75.82,0.2633,0.7367,0.1143,0.8857,0.2108,0.7892,0.4179,0.5821000000000001
202,Kalimantan Utara,2020,701810.0,86.67,64.31,74.44,70.63,8.82,9.65,13.25,12.93,5665000.0,12541000.0,65.36,75.41,0.2658,0.7342,0.1429,0.8571,0.2627,0.7373000000000001,0.4217,0.5783
203,Kalimantan Utara,2021,713620.0,87.3,61.7,74.48,70.69,8.93,9.76,13.26,12.94,5989000.0,12859000.0,66.2,75.83,0.2692,0.7308,0.1143,0.8857,0.29309999999999997,0.7069000000000001,0.4291,0.5709
204,Kepulauan Riau,2010,1679200.0,92.05,56.7,70.39,66.54,9.11,9.65,11.91,11.15,9864210.0,17792170.0,68.82,74.77,0.2561,0.7439,0.1333,0.8667,,,0.37270000000000003,0.6273
205,Kepulauan Riau,2011,1748800.0,92.11,60.62,70.59,66.76,9.13,9.76,11.97,11.57,10490880.0,18009960.0,69.62,75.58,0.26649999999999996,0.7335,0.15560000000000002,0.8444,,,0.3992,0.6008
206,Kepulauan Riau,2012,1805100.0,92.23,59.32,70.81,66.98,9.23,9.77,12.03,11.76,10708500.0,18230420.0,70.11,76.02,0.2605,0.7395,0.11960000000000001,0.8804,,,0.4622,0.5378000000000001
207,Kepulauan Riau,2013,1861400.0,92.81,60.79,71.02,67.18,9.34,9.78,12.4,12.12,11157370.0,18453580.0,71.11,76.63,0.2642,0.7358,0.1333,0.8667,,,0.42969999999999997,0.5703
208,Kepulauan Riau,2014,1917400.0,93.2,60.54,71.12,67.28,9.34,9.78,12.66,12.38,11625050.0,18679470.0,71.84,77.08,0.268,0.732,0.1333,0.8667,,,0.3843,0.6157
209,Kepulauan Riau,2015,1973000.0,93.22,62.15,71.38,67.54,9.36,9.86,12.82,12.39,11680870.0,18921210.0,72.19,77.44,0.2712,0.7288,0.1333,0.8667,0.317,0.683,0.46409999999999996,0.5359
210,Kepulauan Riau,2016,2028200.0,93.13,65.6,71.39,67.59,9.46,9.87,12.82,12.52,11768000.0,19182000.0,72.39,77.73,0.2776,0.7223999999999999,0.1628,0.8371999999999999,0.11380000000000001,0.8862,0.4581,0.5419
211,Kepulauan Riau,2017,2082699.9999999998,92.96,66.96,71.4,67.6,9.57,10.0,12.88,12.76,11951000.0,19398000.0,72.74,78.25,0.2826,0.7174,0.1778,0.8222,0.244,0.756,0.4163,0.5837
212,Kepulauan Riau,2018,2136500.0,92.97,66.18,71.56,67.76,9.6,10.01,12.89,12.82,12268000.0,19939000.0,73.12,78.65,0.2837,0.7162999999999999,0.1778,0.8222,0.39380000000000004,0.6062,0.37979999999999997,0.6202000000000001
213,Kepulauan Riau,2019,2189700.0,93.1,61.59,71.73,67.92,9.77,10.19,12.9,12.83,12712000.0,20541000.0,73.76,79.23,0.2861,0.7139,0.11109999999999999,0.8889,0.3375,0.6625,0.4316,0.5684
214,Kepulauan Riau,2020,2064560.0,93.31,62.02,71.9,68.08,9.98,10.25,12.97,12.84,12462000.0,20222000.0,73.97,79.27,0.2883,0.7117,0.11109999999999999,0.8889,0.23629999999999998,0.7637,0.4612,0.5388
215,Kepulauan Riau,2021,2118240.0,93.49,58.97,72.07,68.24,10.06,10.3,13.15,12.85,12362000.0,20212000.0,74.25,79.42,0.2871,0.7129,0.0889,0.9111,0.2566,0.7434000000000001,0.4779,0.5221
216,Lampung,2010,7608400.0,87.18,65.32,70.9,67.01,6.84,7.58,10.99,10.76,5684990.0,11894060.0,59.44,68.18,0.2774,0.7226,0.1892,0.8108,,,0.4607,0.5393
217,Lampung,2011,7735900.0,88.23,65.86,71.1,67.23,6.85,7.6,11.29,10.81,5935390.0,11915420.0,60.33,68.38,0.2777,0.7222999999999999,0.1867,0.8133,,,0.4921,0.5079
218,Lampung,2012,7835300.0,88.49,67.24,71.31,67.45,6.86,7.63,11.48,11.27,6196820.0,11936820.0,61.11,69.06,0.2813,0.7187,0.2,0.8,,,0.5121,0.4879
219,Lampung,2013,7932100.0,88.84,65.62,71.53,67.66,6.88,7.74,11.97,11.83,6469760.0,12068240.0,62.21,70.03,0.2836,0.7163999999999999,0.1757,0.8243,,,0.4914,0.5085999999999999
220,Lampung,2014,8026200.0,89.62,62.99,71.64,67.76,7.06,7.87,12.35,12.15,6761940.0,12201100.0,63.37,70.71,0.2859,0.7141,0.1412,0.8588,,,0.5108,0.48919999999999997
221,Lampung,2015,8117300.0,89.89,62.01,71.88,68.0,7.19,7.92,12.4,12.16,6898420.0,12458870.0,63.91,71.09,0.2902,0.7098,0.131,0.869,0.2231,0.7769,0.46240000000000003,0.5376
222,Lampung,2016,8205100.0,90.3,61.98,71.9,68.03,7.33,7.93,12.46,12.28,7240000.0,12962000.0,64.67,71.62,0.29059999999999997,0.7094,0.131,0.869,0.2581,0.7419,0.5413,0.4587
223,Lampung,2017,8289600.0,90.49,63.6,71.91,68.04,7.49,8.08,12.67,12.29,7347000.0,13335000.0,65.24,72.1,0.2923,0.7077,0.1412,0.8588,0.3398,0.6602,0.5052,0.4948
224,Lampung,2018,8370500.0,90.57,63.82,72.14,68.27,7.5,8.14,12.86,12.38,7660000.0,14044000.0,66.0,72.87,0.2933,0.7067,0.1412,0.8588,0.2631,0.7369,0.5047999999999999,0.4952000000000001
225,Lampung,2019,8447700.0,90.39,69.23,72.48,68.64,7.52,8.3,12.87,12.43,7863000.0,14399000.0,66.47,73.54,0.2938,0.7061999999999999,0.2,0.8,0.3055,0.6945,0.5075,0.49250000000000005
226,Lampung,2020,9007850.0,90.33,69.06,72.61,68.78,7.73,8.36,12.88,12.54,7720000.0,14268000.0,66.59,73.72,0.2952,0.7048,0.2,0.8,0.2664,0.7336,0.5305,0.46950000000000003
227,Lampung,2021,9081790.0,90.37,67.96,72.69,68.86,7.76,8.39,12.95,12.64,7778000.0,14308000.0,66.81,73.93,0.2939,0.7061,0.1882,0.8118,0.25170000000000003,0.7483,0.5306000000000001,0.46939999999999993
228,Maluku,2010,1533500.0,91.79,75.94,66.42,62.59,8.35,8.95,12.88,12.39,6717030.0,10732920.0,62.93,68.56,0.34619999999999995,0.6538,0.2889,0.7111000000000001,,,0.4244,0.5756
229,Maluku,2011,1570700.0,92.36,76.51,66.58,62.74,8.41,8.99,13.24,12.46,6798240.0,10773000.0,63.53,68.79,0.3513,0.6487,0.2889,0.7111000000000001,,,0.5081,0.4919
230,Maluku,2012,1599500.0,92.38,78.72,66.74,62.9,8.47,9.03,13.32,12.65,6880440.0,10813240.0,63.88,69.14,0.3558,0.6442,0.3182,0.6818,,,0.4968,0.5032
231,Maluku,2013,1628400.0,92.46,79.93,66.9,63.04,8.52,9.11,13.7,13.01,6928650.0,10853630.0,64.43,69.69,0.36219999999999997,0.6378,0.3333,0.6667000000000001,,,0.48950000000000005,0.5105
232,Maluku,2014,1657400.0,92.55,76.99,66.98,63.11,8.9,9.42,13.72,13.33,7097220.0,10873880.0,65.16,70.41,0.3688,0.6312,0.2667,0.7333000000000001,,,0.4879,0.5121
233,Maluku,2015,1686500.0,92.54,77.15,67.28,63.41,8.91,9.42,13.73,13.47,7216580.0,10988670.0,65.52,70.8,0.3709,0.6291,0.2667,0.7333000000000001,0.2803,0.7197,0.4971,0.5029
234,Maluku,2016,1715500.0,92.38,77.36,67.34,63.44,9.08,9.47,13.78,13.68,7309000.0,11301000.0,65.91,71.35,0.3712,0.6288,0.2667,0.7333000000000001,0.3024,0.6976,0.49439999999999995,0.5056
235,Maluku,2017,1744700.0,92.75,78.87,67.39,63.49,9.17,9.63,14.25,13.69,7418000.0,11602000.0,66.61,71.82,0.3713,0.6287,0.2889,0.7111000000000001,0.3154,0.6846,0.48810000000000003,0.5119
236,Maluku,2018,1773800.0,93.03,77.77,67.58,63.68,9.41,9.75,14.26,13.7,7636000.0,11910000.0,67.29,72.33,0.3714,0.6286,0.2667,0.7333000000000001,0.3567,0.6433,0.5033,0.49670000000000003
237,Maluku,2019,1802900.0,93.04,75.77,67.79,63.95,9.66,9.96,14.27,13.73,7773000.0,12160000.0,67.86,72.94,0.3715,0.6285000000000001,0.23260000000000003,0.7674,0.358,0.642,0.5065,0.49350000000000005
238,Maluku,2020,1848920.0,92.97,75.54,67.93,64.12,9.8,10.07,14.28,13.82,7629000.0,11889000.0,67.88,73.01,0.3722,0.6278,0.23260000000000003,0.7674,0.2647,0.7353000000000001,0.5312,0.4688
239,Maluku,2021,1862630.0,93.19,75.54,68.05,64.23,9.95,10.11,14.29,13.83,7673000.0,11922000.0,68.17,73.15,0.37189999999999995,0.6281000000000001,0.23260000000000003,0.7674,0.3772,0.6228,0.5333,0.4667
240,Maluku Utara,2010,1038099.9999999999,85.29,58.17,68.69,64.8,7.17,8.51,11.79,11.27,4539440.0,9543330.0,57.0,66.83,0.3421,0.6578999999999999,0.0889,0.9111,,,0.4694,0.5306
241,Maluku Utara,2011,1067200.0,85.31,59.38,68.88,64.97,7.23,8.54,11.88,11.72,4834750.0,10137250.0,58.01,68.0,0.3421,0.6578999999999999,0.0889,0.9111,,,0.46270000000000006,0.5372999999999999
242,Maluku Utara,2012,1091100.0,87.06,59.84,69.08,65.12,7.5,8.57,12.22,12.18,5362730.0,10475300.0,59.99,68.91,0.35359999999999997,0.6464000000000001,0.0889,0.9111,,,0.47850000000000004,0.5215
243,Maluku Utara,2013,1114900.0,87.96,59.66,69.28,65.31,7.73,8.8,12.57,12.4,5711590.0,10813340.0,61.4,69.8,0.3554,0.6446000000000001,0.0889,0.9111,,,0.4324,0.5676
244,Maluku Utara,2014,1138700.0,88.79,61.05,69.38,65.41,7.76,8.9,12.92,12.52,6064540.0,11162300.0,62.52,70.41,0.35729999999999995,0.6427,0.0909,0.9091,,,0.4928,0.5072
245,Maluku Utara,2015,1162300.0,88.86,65.74,69.48,65.5,7.8,8.91,13.11,13.09,6396730.0,11507910.0,63.4,71.34,0.3632,0.6368,0.1389,0.8611,0.2541,0.7459,0.4457,0.5543
246,Maluku Utara,2016,1185900.0,89.15,68.19,69.5,65.53,8.06,8.99,13.4,13.51,6506000.0,11632000.0,64.16,71.97,0.3644,0.6355999999999999,0.1628,0.8371999999999999,0.281,0.719,0.45049999999999996,0.5495000000000001
247,Maluku Utara,2017,1209300.0,89.15,70.31,69.53,65.56,8.17,9.05,13.43,13.69,6655000.0,11885000.0,64.59,72.45,0.36450000000000005,0.6355,0.1778,0.8222,0.2846,0.7154,0.4754,0.5246
248,Maluku Utara,2018,1232600.0,89.5,72.81,69.79,65.82,8.28,9.15,13.6,13.7,6833000.0,12178000.0,65.28,72.94,0.36460000000000004,0.6354,0.2045,0.7955,0.2977,0.7022999999999999,0.47979999999999995,0.5202
249,Maluku Utara,2019,1255800.0,89.61,77.5,70.17,66.25,8.55,9.44,13.63,13.71,7094000.0,12662000.0,66.21,73.89,0.3649,0.6351,0.2667,0.7333000000000001,0.20620000000000002,0.7938,0.46630000000000005,0.5337
250,Maluku Utara,2020,1282940.0,89.55,77.28,70.32,66.43,8.61,9.47,13.67,13.72,6850000.0,12233000.0,65.99,73.69,0.3675,0.6325000000000001,0.2667,0.7333000000000001,0.2975,0.7025,0.46840000000000004,0.5316
251,Maluku Utara,2021,1299180.0,89.75,78.59,70.44,66.55,8.67,9.5,13.68,13.73,6964000.0,12339000.0,66.31,73.88,0.3654,0.6346,0.2889,0.7111000000000001,0.3245,0.6755,0.4829,0.5171
252,Nusa Tenggara Barat,2010,4500200.0,86.53,54.49,65.77,61.95,4.95,6.63,11.5,11.86,6540490.0,11958990.0,56.92,65.78,0.2953,0.7047,0.0909,0.9091,,,0.39,0.61
253,Nusa Tenggara Barat,2011,4581600.0,87.6,56.57,66.09,62.27,5.32,6.91,11.73,12.24,7009710.0,12030030.0,58.49,66.77,0.3013,0.6987,0.1091,0.8909,,,0.3937,0.6063000000000001
254,Nusa Tenggara Barat,2012,4646800.0,88.85,57.9,66.4,62.56,5.61,7.15,12.13,12.33,7512590.0,12486940.0,60.11,67.66,0.3015,0.6985,0.1091,0.8909,,,0.4092,0.5908
255,Nusa Tenggara Barat,2013,4710800.0,89.44,58.54,66.7,62.88,5.63,7.29,12.41,12.54,7965760.0,12710300.0,61.16,68.39,0.307,0.6930000000000001,0.1091,0.8909,,,0.4096,0.5904
256,Nusa Tenggara Barat,2014,4773800.0,90.02,57.49,66.85,63.04,6.01,7.43,12.66,12.83,8083250.0,12762410.0,62.11,69.0,0.3126,0.6874,0.09230000000000001,0.9077,,,0.40380000000000005,0.5962
257,Nusa Tenggara Barat,2015,4835600.0,90.23,58.69,67.33,63.52,6.02,7.51,12.91,13.17,8321200.000000001,12780810.0,62.9,69.71,0.31679999999999997,0.6832,0.09230000000000001,0.9077,0.1953,0.8047,0.4395,0.5605
258,Nusa Tenggara Barat,2016,4896200.0,90.05,60.06,67.39,63.55,6.13,7.54,12.93,13.4,8531000.0,13253000.0,63.33,70.33,0.32299999999999995,0.677,0.09380000000000001,0.9062,0.2168,0.7832,0.4796,0.5204
259,Nusa Tenggara Barat,2017,4955600.0,90.36,59.95,67.42,63.57,6.27,7.63,13.36,13.58,8638000.0,13681000.0,64.09,70.93,0.32689999999999997,0.6731,0.09230000000000001,0.9077,0.1804,0.8196,0.441,0.5589999999999999
260,Nusa Tenggara Barat,2018,5013700.0,90.37,60.56,67.75,63.88,6.36,7.81,13.37,13.66,9006000.0,14118000.0,64.78,71.68,0.3281,0.6718999999999999,0.09230000000000001,0.9077,0.2623,0.7377,0.45659999999999995,0.5434000000000001
261,Nusa Tenggara Barat,2019,5070400.0,90.4,51.91,68.16,64.32,6.58,8.06,13.38,13.71,9334000.0,14616000.0,65.61,72.58,0.32909999999999995,0.6709,0.0154,0.9846,0.23309999999999997,0.7669,0.45049999999999996,0.5495000000000001
262,Nusa Tenggara Barat,2020,5320090.0,90.45,51.96,68.39,64.63,6.64,8.08,13.61,13.9,9075000.0,14182000.0,65.75,72.69,0.3311,0.6689,0.015600000000000001,0.9844,0.3245,0.6755,0.4595,0.5405
263,Nusa Tenggara Barat,2021,5390000.0,90.53,52.54,68.66,64.81,6.66,8.15,13.84,14.08,9087000.0,14209000.0,66.15,73.07,0.3309,0.6691,0.0159,0.9841,0.2999,0.7001,0.4672,0.5327999999999999
264,Nusa Tenggara Timur,2010,4683800.0,90.06,57.98,67.24,63.42,6.11,6.77,10.93,10.78,5336700.0,8641270.0,56.25,62.46,0.385,0.615,0.0727,0.9273,,,0.4428,0.5571999999999999
265,Nusa Tenggara Timur,2011,4788600.0,90.66,58.9,67.41,63.59,6.21,6.88,11.61,11.48,5672700.0,8954030.0,57.82,63.78,0.39880000000000004,0.6012,0.0727,0.9273,,,0.4587,0.5413
266,Nusa Tenggara Timur,2012,4871200.0,91.47,59.55,67.6,63.77,6.32,6.95,11.87,11.61,6012360.0,9266780.0,58.93,64.42,0.4029,0.5971,0.0727,0.9273,,,0.4722,0.5278
267,Nusa Tenggara Timur,2013,4954000.0,91.74,59.81,67.77,63.95,6.36,7.01,12.3,12.23,6365150.0,9529520.0,60.12,65.53,0.41229999999999994,0.5877000000000001,0.0727,0.9273,,,0.44880000000000003,0.5511999999999999
268,Nusa Tenggara Timur,2014,5036900.0,92.76,63.06,67.85,64.04,6.56,7.16,12.71,12.6,6721540.0,9576650.0,61.4,66.19,0.4219,0.5781000000000001,0.09230000000000001,0.9077,,,0.4815,0.5185
269,Nusa Tenggara Timur,2015,5120100.0,92.91,64.75,67.91,64.09,6.61,7.27,13.01,12.7,6783160.0,9715590.0,61.87,66.59,0.42710000000000004,0.5729,0.10769999999999999,0.8923,0.2114,0.7886,0.4752,0.5247999999999999
270,Nusa Tenggara Timur,2016,5203500.0,92.72,65.07,67.92,64.17,6.75,7.32,13.07,12.84,6827000.0,9916000.0,62.17,67.05,0.42729999999999996,0.5727,0.10769999999999999,0.8923,0.1913,0.8087,0.4963,0.5037
271,Nusa Tenggara Timur,2017,5287300.0,92.44,63.76,67.96,64.2,6.87,7.46,13.08,13.05,6985000.0,10179000.0,62.58,67.7,0.4325,0.5675,0.09230000000000001,0.9077,0.2656,0.7343999999999999,0.4607,0.5393
272,Nusa Tenggara Timur,2018,5371500.0,92.57,65.86,68.28,64.51,7.0,7.62,13.2,13.06,7171000.0,10492000.0,63.28,68.36,0.4326,0.5674,0.10769999999999999,0.8923,0.2622,0.7378,0.4851,0.5149
273,Nusa Tenggara Timur,2019,5456200.0,92.72,73.37,68.81,64.98,7.23,7.91,13.28,13.07,7362000.0,10763000.0,64.16,69.2,0.43329999999999996,0.5667,0.18460000000000001,0.8154,0.3124,0.6876,0.4841,0.5159
274,Nusa Tenggara Timur,2020,5325570.0,92.73,74.53,68.96,65.15,7.28,8.01,13.38,13.08,7192000.0,10489000.0,64.13,69.16,0.43560000000000004,0.5644,0.2,0.8,0.2982,0.7018,0.5013000000000001,0.4986999999999999
275,Nusa Tenggara Timur,2021,5387740.0,92.63,74.53,69.11,65.28,7.29,8.12,13.52,13.09,7113000.0,10451000.0,64.22,69.33,0.4378,0.5622,0.2,0.8,0.313,0.687,0.5022,0.4978
276,Papua,2010,2833400.0,73.93,55.42,66.19,62.51,4.61,6.45,8.23,8.88,3076120.0,9277160.0,44.42,60.09,0.3506,0.6494,0.07139999999999999,0.9286,,,0.4293,0.5707
277,Papua,2011,2915300.0,74.99,57.74,66.34,62.66,4.62,6.46,8.64,9.17,3220160.0,9474900.0,45.52,60.7,0.35359999999999997,0.6464000000000001,0.07139999999999999,0.9286,,,0.3833,0.6167
278,Papua,2012,2973800.0,76.42,57.76,66.48,62.81,4.74,6.47,8.96,9.24,3370960.0,9672640.0,46.67,61.06,0.35359999999999997,0.6464000000000001,0.08929999999999999,0.9107000000000001,,,0.3156,0.6844
279,Papua,2013,3032500.0,77.61,57.22,66.64,62.97,4.79,6.49,9.45,9.68,3528810.0,9687080.0,47.88,61.69,0.3557,0.6443,0.07139999999999999,0.9286,,,0.3419,0.6581
280,Papua,2014,3091000.0,78.57,64.21,66.72,63.05,4.83,6.62,9.85,10.02,3694060.0,9701550.0,48.96,62.31,0.3575,0.6425000000000001,0.12960000000000002,0.8704,,,0.35229999999999995,0.6477
281,Papua,2015,3149400.0,78.52,63.69,66.97,63.3,5.02,6.85,9.85,10.1,3765710.0,9981370.0,49.54,63.1,0.35969999999999996,0.6403000000000001,0.1273,0.8727,0.2371,0.7629,0.3408,0.6592
282,Papua,2016,3207400.0,79.09,64.73,66.99,63.44,5.32,6.9,9.93,10.38,3891000.0,10178000.0,50.41,63.74,0.3599,0.6401,0.1273,0.8727,0.1025,0.8975,0.3615,0.6385000000000001
283,Papua,2017,3265200.0,79.38,61.89,67.0,63.45,5.44,7.02,10.24,10.65,4008000.0,10562000.0,51.24,64.55,0.3649,0.6351,0.1061,0.8939,0.1911,0.8089,0.33409999999999995,0.6659
284,Papua,2018,3322500.0,80.11,68.71,67.22,63.67,5.7,7.26,10.54,10.91,4167000.0,10770000.0,52.43,65.45,0.365,0.635,0.1636,0.8364,0.2752,0.7248,0.3547,0.6453
285,Papua,2019,3379300.0,80.05,65.37,67.51,63.87,5.79,7.41,10.72,11.29,4273000.0,11026000.0,53.14,66.38,0.3663,0.6336999999999999,0.1273,0.8727,0.237,0.763,0.3504,0.6496
286,Papua,2020,4303710.0,79.59,66.72,67.65,64.02,5.88,7.43,10.77,11.3,3999000.0,10455000.0,52.52,65.99,0.3661,0.6339,0.14550000000000002,0.8545,0.2238,0.7762,0.35479999999999995,0.6452
287,Papua,2021,4355440.0,80.16,67.5,67.79,64.15,6.0,7.44,10.99,11.31,4007000.0,10456000.0,52.96,66.07,0.36920000000000003,0.6308,0.14550000000000002,0.8545,0.2823,0.7177,0.3736,0.6264000000000001
288,Papua Barat,2010,760400.0,81.15,57.97,66.57,62.7,6.27,9.28,10.64,11.48,4646710.0,9457370.0,54.27,66.87,0.22949999999999998,0.7705,0.1591,0.8409,,,0.4017,0.5983
289,Papua Barat,2011,786000.0,81.34,57.54,66.72,62.88,6.31,9.35,10.97,11.53,4660860.0,9658810.0,54.73,67.29,0.2418,0.7582,0.1591,0.8409,,,0.3892,0.6108
290,Papua Barat,2012,807000.0,81.57,58.46,66.86,63.0,6.39,9.45,11.28,11.58,4675050.0,9835110.0,55.23,67.71,0.2366,0.7634,0.1591,0.8409,,,0.3881,0.6119
291,Papua Barat,2013,828300.0,81.72,57.01,67.02,63.17,6.54,9.56,11.37,11.94,4819390.0,10011420.0,55.93,68.44,0.24100000000000002,0.759,0.1364,0.8636,,,0.3956,0.6044
292,Papua Barat,2014,849800.0,81.95,47.97,67.1,63.26,6.67,9.7,11.48,12.21,4968190.0,10123310.0,56.57,69.03,0.24559999999999998,0.7544,0.0444,0.9556,,,0.3703,0.6296999999999999
293,Papua Barat,2015,871500.0,81.99,48.19,67.15,63.31,6.71,9.79,11.68,12.68,5106520.0,10232570.0,57.16,69.71,0.2586,0.7414000000000001,0.0444,0.9556,0.2228,0.7772,0.37520000000000003,0.6248
294,Papua Barat,2016,893400.0,82.34,49.56,67.16,63.32,6.8,9.81,11.9,12.88,5192000.0,10350000.0,57.67,70.04,0.2634,0.7365999999999999,0.0444,0.9556,0.1352,0.8648,0.419,0.581
295,Papua Barat,2017,915400.0,82.42,47.88,67.19,63.34,6.9,9.89,12.1,13.13,5312000.0,10674000.0,58.26,70.69,0.27,0.73,0.035699999999999996,0.9643,0.21050000000000002,0.7895,0.3732,0.6268
296,Papua Barat,2018,937500.0,82.47,51.04,67.43,63.57,7.01,10.09,12.14,13.21,5534000.0,11148000.0,59.0,71.54,0.2731,0.7269,0.0536,0.9464,0.25429999999999997,0.7457,0.3862,0.6138
297,Papua Barat,2019,959600.0,82.74,61.52,67.78,64.01,7.19,10.2,12.41,13.39,5701000.0,11621000.0,59.96,72.47,0.27649999999999997,0.7235,0.1429,0.8571,0.2702,0.7298,0.3914,0.6086
298,Papua Barat,2020,1134070.0,82.91,62.17,67.9,64.2,7.37,10.34,12.64,13.47,5657000.0,11607000.0,60.35,72.79,0.2782,0.7218,0.1429,0.8571,0.33399999999999996,0.666,0.41490000000000005,0.5851
299,Papua Barat,2021,1156840.0,83.0,62.17,68.05,64.33,7.53,10.42,12.93,13.48,5495000.0,11554000.0,60.52,72.92,0.2828,0.7172000000000001,0.1429,0.8571,0.3342,0.6658,0.4341,0.5659000000000001
300,Riau,2010,5538400.0,85.17,65.14,72.14,68.26,7.72,8.46,11.94,11.6,5745610.0,14815190.0,62.09,72.9,0.2602,0.7398,0.1818,0.8182,,,0.4824,0.5176000000000001
301,Riau,2011,5726200.0,85.74,65.34,72.3,68.43,7.76,8.54,12.08,11.68,6023050.0,15090230.0,62.89,73.36,0.2636,0.7363999999999999,0.1818,0.8182,,,0.5365,0.4635
302,Riau,2012,5879100.0,86.29,69.05,72.46,68.61,7.78,8.63,12.21,11.72,6313890.0,15370390.0,63.66,73.78,0.2651,0.7349,0.2182,0.7818,,,0.4646,0.5354
303,Riau,2013,6033300.0,86.74,69.78,72.64,68.79,8.0,8.73,12.35,12.2,6618770.0,15433530.0,64.68,74.56,0.2704,0.7296,0.2182,0.7818,,,0.49119999999999997,0.5088
304,Riau,2014,6188400.0,87.62,74.11,72.73,68.88,8.14,8.79,12.48,12.28,6926380.0,15447170.0,65.53,74.78,0.2737,0.7263,0.27690000000000003,0.7231,,,0.5294,0.4706
305,Riau,2015,6344400.0,87.75,74.59,72.9,69.05,8.17,8.8,12.95,12.55,6956460.0,15794260.0,66.14,75.37,0.2758,0.7242,0.27690000000000003,0.7231,0.1819,0.8181,0.4924,0.5076
306,Riau,2016,6501000.0,88.04,75.19,72.9,69.1,8.36,8.81,13.0,12.74,7075000.0,15848000.0,66.6,75.65,0.281,0.719,0.27690000000000003,0.7231,0.2359,0.7641,0.5245000000000001,0.4754999999999999
307,Riau,2017,6657900.0,88.17,75.36,72.92,69.12,8.49,9.02,13.23,12.84,7189000.0,16093000.0,67.17,76.18,0.2813,0.7187,0.2813,0.7187,0.2487,0.7513,0.5367000000000001,0.46329999999999993
308,Riau,2018,6814900.0,88.37,75.73,73.12,69.32,8.71,9.12,13.26,12.98,7392000.0,16499000.0,67.85,76.78,0.2814,0.7186,0.2813,0.7187,0.2668,0.7332000000000001,0.5195000000000001,0.4804999999999999
309,Riau,2019,6971700.0,88.43,69.17,73.43,69.62,8.75,9.3,13.4,12.99,7542000.0,16833000.0,68.4,77.35,0.2823,0.7177,0.18460000000000001,0.8154,0.2667,0.7333000000000001,0.5118,0.48819999999999997
310,Riau,2020,6394090.0,88.14,68.7,73.55,69.75,8.87,9.4,13.41,13.19,7213000.0,15935000.0,68.09,77.25,0.28309999999999996,0.7169000000000001,0.18460000000000001,0.8154,0.3246,0.6754,0.5257999999999999,0.47420000000000007
311,Riau,2021,6493600.0,88.38,70.59,73.62,69.82,9.01,9.41,13.55,13.2,7243000.0,16201000.0,68.46,77.46,0.2825,0.7175,0.21539999999999998,0.7846,0.3106,0.6894,0.5544,0.4456
312,Sulawesi Barat,2010,1158700.0,87.53,63.15,64.45,60.64,6.17,7.11,10.68,10.52,5963900.0,11672430.0,56.07,64.06,0.35119999999999996,0.6488,0.11109999999999999,0.8889,,,0.4708,0.5292
313,Sulawesi Barat,2011,1187500.0,87.6,63.71,64.72,60.92,6.2,7.11,11.25,11.16,6043140.0,11764630.0,56.93,64.99,0.3528,0.6472,0.11109999999999999,0.8889,,,0.5185,0.48150000000000004
314,Sulawesi Barat,2012,1210700.0,87.9,64.25,65.0,61.18,6.32,7.21,11.37,11.22,6123440.0,11857550.0,57.47,65.38,0.3594,0.6406000000000001,0.11109999999999999,0.8889,,,0.5165,0.48350000000000004
315,Sulawesi Barat,2013,1234300.0,88.56,64.47,65.28,61.46,6.44,7.31,11.75,11.34,6204800.0,11863260.0,58.26,65.79,0.3603,0.6396999999999999,0.11109999999999999,0.8889,,,0.5222,0.4778
316,Sulawesi Barat,2014,1258100.0,89.18,67.14,66.0,62.18,6.45,7.32,12.13,11.46,6287240.0,11868960.0,59.12,66.29,0.3611,0.6389,0.1333,0.8667,,,0.511,0.489
317,Sulawesi Barat,2015,1282200.0,89.52,69.4,66.18,62.36,6.71,7.33,12.41,11.96,6407860.0,11976960.0,60.0,67.02,0.3617,0.6383,0.15560000000000002,0.8444,0.21350000000000002,0.7865,0.5328,0.46719999999999995
318,Sulawesi Barat,2016,1306500.0,89.35,71.71,66.2,62.49,6.91,7.4,12.52,12.16,6475000.0,12358000.0,60.46,67.67,0.36200000000000004,0.6379999999999999,0.1778,0.8222,0.3232,0.6768000000000001,0.5267000000000001,0.47329999999999994
319,Sulawesi Barat,2017,1331000.0,89.44,73.37,66.23,62.52,7.08,7.55,12.71,12.27,6572000.0,12662000.0,61.01,68.21,0.36210000000000003,0.6378999999999999,0.2,0.8,0.34630000000000005,0.6537,0.5493,0.4507
320,Sulawesi Barat,2018,1355600.0,90.05,71.95,66.47,62.76,7.28,7.66,12.97,12.28,6805000.0,13157000.0,61.98,68.83,0.3626,0.6374,0.1778,0.8222,0.3207,0.6793,0.5299,0.47009999999999996
321,Sulawesi Barat,2019,1380300.0,89.76,65.92,66.78,62.96,7.5,8.0,12.98,12.46,6940000.0,13424000.0,62.6,69.74,0.3632,0.6368,0.11109999999999999,0.8889,0.2995,0.7005,0.5167,0.48329999999999995
322,Sulawesi Barat,2020,1419230.0,89.43,65.92,67.02,63.2,7.6,8.19,12.99,12.73,6910000.0,13177000.0,62.79,70.21,0.3657,0.6343,0.11109999999999999,0.8889,0.31489999999999996,0.6851,0.5326,0.46740000000000004
323,Sulawesi Barat,2021,1436840.0,89.57,65.93,67.19,63.39,7.66,8.26,13.17,12.74,6880000.0,13173000.0,63.06,70.4,0.36590000000000006,0.6340999999999999,0.11109999999999999,0.8889,0.30010000000000003,0.6999,0.5365,0.4635
324,Sulawesi Selatan,2010,8034800.0,91.54,62.46,70.94,67.01,6.91,7.73,11.8,11.13,7949890.0,13491680.0,64.03,69.95,0.2914,0.7086,0.16,0.84,,,0.4903,0.5097
325,Sulawesi Selatan,2011,8156100.0,91.79,63.38,71.12,67.2,6.95,7.76,12.09,11.54,8191980.0,13520200.0,64.78,70.57,0.29359999999999997,0.7064,0.16,0.84,,,0.5071,0.4929
326,Sulawesi Selatan,2012,8250000.0,91.96,63.88,71.31,67.4,6.99,7.8,12.35,11.97,8441440.0,13548790.0,65.49,71.22,0.2973,0.7027,0.16,0.84,,,0.5194,0.4806
327,Sulawesi Selatan,2013,8342000.0,92.34,64.42,71.5,67.59,7.08,7.83,12.68,12.4,8692250.0,13577370.0,66.34,71.84,0.30219999999999997,0.6978,0.16,0.84,,,0.5273,0.4727
328,Sulawesi Selatan,2014,8432200.0,92.6,66.76,71.59,67.69,7.15,7.86,13.1,12.7,8950510.0,14068780.0,67.22,72.59,0.30670000000000003,0.6933,0.1765,0.8235,,,0.5073,0.4927
329,Sulawesi Selatan,2015,8520300.0,92.92,67.98,71.8,67.89,7.34,7.97,13.27,12.73,9029790.0,14249670.0,67.81,72.98,0.31120000000000003,0.6888,0.1882,0.8118,0.2698,0.7302,0.5295000000000001,0.4704999999999999
330,Sulawesi Selatan,2016,8606400.0,92.79,70.02,71.84,67.94,7.46,8.08,13.41,12.91,9194000.0,14672000.0,68.3,73.61,0.31120000000000003,0.6888,0.2118,0.7882,0.10859999999999999,0.8914,0.5381,0.4619
331,Sulawesi Selatan,2017,8690300.0,92.84,70.57,71.86,67.96,7.63,8.31,13.59,12.99,9379000.0,15010000.0,68.9,74.21,0.31629999999999997,0.6837,0.2118,0.7882,0.27440000000000003,0.7256,0.5162,0.4838
332,Sulawesi Selatan,2018,8772000.0,93.15,69.14,72.1,68.2,7.76,8.32,13.72,13.0,9591000.0,15492000.0,69.53,74.64,0.31829999999999997,0.6817,0.1905,0.8095,0.28600000000000003,0.714,0.5291,0.4709
333,Sulawesi Selatan,2019,8851200.0,93.09,76.01,72.42,68.54,7.95,8.57,13.73,13.03,9868000.0,15928000.0,70.21,75.42,0.32439999999999997,0.6756,0.2771,0.7229,0.2736,0.7263999999999999,0.5302,0.4698
334,Sulawesi Selatan,2020,9073510.0,92.86,76.32,72.56,68.68,8.15,8.63,13.74,13.36,9822000.0,15893000.0,70.48,75.9,0.32549999999999996,0.6745000000000001,0.284,0.716,0.2642,0.7358,0.5447,0.45530000000000004
335,Sulawesi Selatan,2021,9139530.0,92.85,74.76,72.65,68.77,8.2,8.74,13.81,13.37,9924000.0,16092000.0,70.76,76.21,0.3251,0.6749,0.2588,0.7412000000000001,0.3214,0.6786,0.551,0.44899999999999995
336,Sulawesi Tengah,2010,2635000.0,91.23,65.37,68.07,64.17,7.34,7.95,11.37,10.99,6425490.0,10466770.0,60.59,66.42,0.2778,0.7222,0.1818,0.8182,,,0.484,0.516
337,Sulawesi Tengah,2011,2692800.0,91.7,66.08,68.39,64.48,7.38,7.99,11.96,11.68,6680450.0,10505430.0,61.79,67.39,0.2812,0.7188,0.1818,0.8182,,,0.51,0.49
338,Sulawesi Tengah,2012,2739300.0,91.77,67.96,68.7,64.8,7.42,8.03,12.46,11.73,6945530.0,11538090.0,62.89,68.53,0.2829,0.7171000000000001,0.2,0.8,,,0.5003,0.49970000000000003
339,Sulawesi Tengah,2013,2785500.0,91.84,68.59,69.02,65.11,7.51,8.13,12.61,12.12,7139120.0,11580710.0,63.6,69.25,0.2879,0.7121,0.2,0.8,,,0.5065,0.49350000000000005
340,Sulawesi Tengah,2014,2831300.0,92.69,65.11,69.18,65.27,7.62,8.16,13.09,12.37,7338100.0,11623330.0,64.57,69.66,0.2929,0.7071000000000001,0.15560000000000002,0.8444,,,0.5192,0.4808
341,Sulawesi Tengah,2015,2876700.0,92.25,65.57,69.26,65.34,7.66,8.27,13.12,12.39,7477340.0,12204350.0,64.87,70.32,0.293,0.7070000000000001,0.15560000000000002,0.8444,0.272,0.728,0.483,0.517
342,Sulawesi Tengah,2016,2921700.0,91.91,70.05,69.28,65.39,7.84,8.38,13.16,12.69,7619000.0,12585000.0,65.34,71.09,0.3,0.7,0.2,0.8,0.18539999999999998,0.8146,0.5254,0.4746
343,Sulawesi Tengah,2017,2966300.0,91.66,70.38,69.29,65.4,8.0,8.56,13.27,12.82,7710000.0,12980000.0,65.76,71.74,0.302,0.698,0.2,0.8,0.2728,0.7272000000000001,0.5023,0.49770000000000003
344,Sulawesi Tengah,2018,3010400.0,92.08,73.95,69.75,65.86,8.27,8.76,13.49,12.83,7873000.0,13300000.0,66.72,72.46,0.304,0.696,0.2444,0.7556,0.34020000000000006,0.6597999999999999,0.5223,0.4777
345,Sulawesi Tengah,2019,3054000.0,92.01,74.49,70.26,66.32,8.5,8.98,13.5,12.95,7951000.0,13456000.0,67.34,73.19,0.30870000000000003,0.6913,0.2444,0.7556,0.3249,0.6751,0.4893,0.5106999999999999
346,Sulawesi Tengah,2020,2985730.0,91.87,75.78,70.72,66.77,8.58,9.07,13.51,13.07,7729000.0,12990000.0,67.35,73.31,0.311,0.6890000000000001,0.2667,0.7333000000000001,0.3701,0.6299,0.5284,0.4716
347,Sulawesi Tengah,2021,3021880.0,91.91,75.8,70.85,66.91,8.62,9.14,13.62,13.08,7755000.0,13070000.0,67.59,73.54,0.3106,0.6894,0.2727,0.7273000000000001,0.39299999999999996,0.607,0.5264,0.4736
348,Sulawesi Tenggara,2010,2232600.0,87.9,64.26,71.67,67.72,6.94,8.22,12.24,12.07,5982820.0,11204280.0,61.73,70.23,0.32170000000000004,0.6782999999999999,0.15560000000000002,0.8444,,,0.47159999999999996,0.5284
349,Sulawesi Tenggara,2011,2294400.0,88.06,65.26,71.87,67.93,7.01,8.36,12.32,12.28,6198400.0,11334040.0,62.39,70.85,0.3289,0.6711,0.15560000000000002,0.8444,,,0.4669,0.5331
350,Sulawesi Tenggara,2012,2345500.0,88.42,65.86,72.08,68.14,7.22,8.42,12.66,12.3,6421750.0,12224880.0,63.47,71.79,0.33390000000000003,0.6660999999999999,0.15560000000000002,0.8444,,,0.44689999999999996,0.5531
351,Sulawesi Tenggara,2013,2396700.0,89.24,64.49,72.3,68.35,7.38,8.49,12.77,12.32,6688370.0,12354320.0,64.33,72.09,0.34119999999999995,0.6588,0.1333,0.8667,,,0.45439999999999997,0.5456000000000001
352,Sulawesi Tenggara,2014,2448100.0,89.56,68.13,72.41,68.45,7.69,8.78,12.87,12.69,6966050.0,12366460.0,65.3,72.91,0.35119999999999996,0.6488,0.15560000000000002,0.8444,,,0.4647,0.5353
353,Sulawesi Tenggara,2015,2499500.0,90.3,72.14,72.46,68.5,7.7,8.79,13.35,12.8,7117730.0,12468550.0,66.04,73.14,0.35850000000000004,0.6415,0.2,0.8,0.376,0.624,0.48729999999999996,0.5127
354,Sulawesi Tenggara,2016,2551000.0,90.23,70.51,72.47,68.54,7.86,8.83,13.37,13.09,7269000.0,12714000.0,66.5,73.7,0.3586,0.6414,0.1778,0.8222,0.17679999999999998,0.8232,0.4742,0.5258
355,Sulawesi Tenggara,2017,2602400.0,90.24,70.76,72.47,68.57,7.95,8.98,13.54,13.17,7422000.0,13068000.0,67.0,74.25,0.3603,0.6396999999999999,0.1778,0.8222,0.1804,0.8196,0.4792,0.5207999999999999
356,Sulawesi Tenggara,2018,2653700.0,90.24,71.54,72.71,68.83,8.26,9.13,13.55,13.48,7578000.0,13271000.0,67.71,75.03,0.3604,0.6396,0.1818,0.8182,0.3221,0.6779,0.4879,0.5121
357,Sulawesi Tenggara,2019,2704700.0,90.56,71.4,73.12,69.2,8.47,9.36,13.7,13.49,7714000.0,13445000.0,68.48,75.62,0.361,0.639,0.1778,0.8222,0.30760000000000004,0.6923999999999999,0.4915,0.5085
358,Sulawesi Tenggara,2020,2624880.0,90.5,72.54,73.37,69.31,8.64,9.46,13.71,13.63,7619000.0,13340000.0,68.66,75.87,0.3627,0.6373,0.1905,0.8095,0.21539999999999998,0.7846,0.4963,0.5037
359,Sulawesi Tenggara,2021,2659160.0,90.68,73.1,73.37,69.35,8.72,9.55,13.91,13.64,7650000.0,13432000.0,68.98,76.07,0.3615,0.6385000000000001,0.2,0.8,0.2718,0.7282,0.512,0.488
360,Sulawesi Utara,2010,2270600.0,93.1,71.2,72.39,68.51,8.59,8.73,11.75,10.95,7411720.0,12162360.0,65.95,70.84,0.2871,0.7129,0.2444,0.7556,,,0.5336,0.46640000000000004
361,Sulawesi Utara,2011,2305900.0,93.29,73.34,72.55,68.65,8.61,8.76,11.79,11.22,7723390.0,12268900.0,66.53,71.32,0.2914,0.7086,0.2667,0.7333000000000001,,,0.5104,0.48960000000000004
362,Sulawesi Utara,2012,2333500.0,93.38,75.0,72.7,68.8,8.63,8.78,12.19,11.38,8048160.0,13150670.0,67.47,72.26,0.29359999999999997,0.7064,0.2889,0.7111000000000001,,,0.5202,0.4798
363,Sulawesi Utara,2013,2360400.0,93.75,75.55,72.85,68.95,8.67,8.84,12.35,11.61,8386590.0,13265870.0,68.19,72.74,0.298,0.702,0.2889,0.7111000000000001,,,0.5188,0.48119999999999996
364,Sulawesi Utara,2014,2386600.0,94.58,76.15,72.92,69.03,8.83,8.89,12.51,11.86,8913810.0,13382090.0,69.23,73.19,0.3063,0.6937,0.2889,0.7111000000000001,,,0.5245000000000001,0.4754999999999999
365,Sulawesi Utara,2015,2412100.0,94.64,79.82,72.98,69.08,8.86,8.9,12.63,12.24,9206080.0,13465310.0,69.75,73.7,0.3081,0.6919,0.3636,0.6364000000000001,0.2709,0.7291000000000001,0.5516,0.4484
366,Sulawesi Utara,2016,2436900.0,95.04,81.24,72.99,69.09,9.0,8.93,12.88,12.27,9506000.0,14056000.0,70.5,74.18,0.3156,0.6844,0.3778,0.6222,0.3676,0.6324000000000001,0.5334,0.4666
367,Sulawesi Utara,2017,2461000.0,94.78,82.37,73.01,69.11,9.19,9.1,12.95,12.42,9639000.0,14497000.0,70.95,74.86,0.32170000000000004,0.6782999999999999,0.3864,0.6135999999999999,0.4335,0.5665,0.5252,0.4748
368,Sulawesi Utara,2018,2484400.0,94.79,80.91,73.23,69.33,9.24,9.24,13.05,12.43,9878000.0,14887000.0,71.47,75.4,0.3235,0.6765,0.3333,0.6667000000000001,0.4122,0.5878,0.5134000000000001,0.4865999999999999
369,Sulawesi Utara,2019,2507000.0,94.53,79.1,73.55,69.71,9.39,9.46,13.06,12.58,10239000.0,15429000.0,72.18,76.36,0.3239,0.6760999999999999,0.2889,0.7111000000000001,0.36619999999999997,0.6338,0.5095000000000001,0.49049999999999994
370,Sulawesi Utara,2020,2621920.0,94.42,78.98,73.67,69.82,9.47,9.51,13.07,12.76,9980000.0,14898000.0,72.08,76.34,0.325,0.675,0.2927,0.7073,0.4793,0.5206999999999999,0.5359,0.46409999999999996
371,Sulawesi Utara,2021,2638630.0,94.61,79.07,73.72,69.89,9.64,9.59,13.22,12.77,10053000.0,15153000.0,72.52,76.65,0.3223,0.6777,0.2955,0.7045,0.4214,0.5786,0.5211,0.4789
372,Sumatera Barat,2010,4846900.0,91.98,63.04,69.58,65.7,7.92,8.36,12.59,11.83,7728470.0,13351020.0,65.17,70.85,0.34159999999999996,0.6584000000000001,0.1273,0.8727,,,0.5783,0.42169999999999996
373,Sumatera Barat,2011,4933100.0,92.82,64.62,69.78,65.9,8.0,8.42,13.15,11.89,7794720.0,13388260.0,66.0,71.1,0.34159999999999996,0.6584000000000001,0.1273,0.8727,,,0.5613,0.4387
374,Sumatera Barat,2012,5000200.0,92.98,65.22,69.99,66.11,8.09,8.47,13.28,12.36,8134620.0,13425600.0,66.77,71.81,0.3555,0.6445000000000001,0.1273,0.8727,,,0.5418999999999999,0.45810000000000006
375,Sumatera Barat,2013,5066500.0,93.02,65.4,70.2,66.31,8.09,8.53,13.57,12.75,8310090.0,13500600.0,67.39,72.44,0.3577,0.6423,0.1273,0.8727,,,0.5532,0.4468
376,Sumatera Barat,2014,5131900.0,94.04,61.86,70.31,66.41,8.1,8.58,13.9,13.07,8988620.0,13576010.0,68.6,72.95,0.3599,0.6401,0.09230000000000001,0.9077,,,0.5705,0.4295
377,Sumatera Barat,2015,5196300.0,94.74,62.42,70.65,66.75,8.32,8.63,14.14,13.07,9083630.0,13631010.0,69.36,73.21,0.364,0.636,0.09230000000000001,0.9077,0.31739999999999996,0.6826000000000001,0.5675,0.4325
378,Sumatera Barat,2016,5259500.0,94.42,64.51,70.65,66.9,8.49,8.72,14.24,13.35,9286000.0,14086000.0,69.87,74.0,0.3729,0.6271,0.10769999999999999,0.8923,0.31620000000000004,0.6838,0.5817,0.4183
379,Sumatera Barat,2017,5321500.0,94.16,65.01,70.7,66.94,8.6,8.86,14.38,13.53,9379000.0,14446000.0,70.26,74.62,0.374,0.626,0.10769999999999999,0.8923,0.3129,0.6871,0.5764,0.4236
380,Sumatera Barat,2018,5382100.0,94.17,65.7,70.93,67.16,8.66,8.87,14.39,13.62,9641000.0,14899000.0,70.74,75.12,0.37479999999999997,0.6252,0.10769999999999999,0.8923,0.32299999999999995,0.677,0.5548,0.44520000000000004
381,Sumatera Barat,2019,5441200.0,94.09,59.09,71.29,67.42,8.77,9.07,14.4,13.68,9899000.0,15311000.0,71.33,75.81,0.3751,0.6249,0.0462,0.9538,0.3367,0.6633,0.5536,0.4464
382,Sumatera Barat,2020,5534470.0,94.17,58.28,71.45,67.59,8.89,9.1,14.41,13.69,9707000.0,15031000.0,71.35,75.77,0.3757,0.6243000000000001,0.0462,0.9538,0.3848,0.6152,0.5897,0.4103
383,Sumatera Barat,2021,5580230.0,94.34,65.12,71.57,67.7,8.96,9.18,14.61,13.7,9748000.0,15167000.0,71.72,76.02,0.3743,0.6256999999999999,0.10769999999999999,0.8923,0.3322,0.6678,0.5909,0.4091
384,Sumatera Selatan,2010,7450400.0,89.73,67.32,70.34,66.45,6.84,7.83,11.25,10.81,7116020.0,12870820.0,61.95,69.04,0.3054,0.6946,0.18460000000000001,0.8154,,,0.5001,0.4999
385,Sumatera Selatan,2011,7598500.0,89.92,68.34,70.49,66.62,6.85,7.87,11.26,11.16,7504680.0,12896390.0,62.58,69.59,0.30829999999999996,0.6917,0.18460000000000001,0.8154,,,0.5179,0.4821
386,Sumatera Selatan,2012,7714300.0,90.79,66.78,70.66,66.78,7.07,7.92,11.58,11.26,7614110.0,12909200.0,63.42,69.85,0.33509999999999995,0.6649,0.1467,0.8533,,,0.49340000000000006,0.5065999999999999
387,Sumatera Selatan,2013,7828700.0,91.25,70.41,70.83,66.95,7.1,7.95,11.58,11.34,7914570.0,12922000.0,63.95,70.08,0.33909999999999996,0.6609,0.1818,0.8182,,,0.5132,0.4868
388,Sumatera Selatan,2014,7941500.0,91.64,70.2,70.91,67.03,7.23,8.08,11.76,11.74,8339840.0,13021670.0,64.88,70.8,0.3431,0.6569,0.17329999999999998,0.8267,,,0.5209,0.47909999999999997
389,Sumatera Selatan,2015,8052300.0,92.22,70.36,71.13,67.25,7.37,8.17,12.2,11.86,8479040.0,13275160.0,65.78,71.33,0.3455,0.6545000000000001,0.17329999999999998,0.8267,0.214,0.786,0.5331,0.4669
390,Sumatera Selatan,2016,8160900.0,92.08,70.69,71.16,67.28,7.48,8.18,12.3,12.17,8797000.0,13920000.0,66.42,72.13,0.3457,0.6543,0.17329999999999998,0.8267,0.2703,0.7297,0.5236999999999999,0.47630000000000006
391,Sumatera Selatan,2017,8267000.0,92.43,73.53,71.17,67.29,7.67,8.3,12.56,12.18,8927000.0,14330000.0,67.08,72.57,0.34700000000000003,0.653,0.2027,0.7973,0.2304,0.7696000000000001,0.4925,0.5075000000000001
392,Sumatera Selatan,2018,8370299.999999999,92.62,74.37,71.4,67.52,7.68,8.32,12.6,12.19,9262000.0,14772000.0,67.61,73.0,0.3471,0.6529,0.2133,0.7867,0.2776,0.7223999999999999,0.5366,0.46340000000000003
393,Sumatera Selatan,2019,8470700.0,92.4,74.45,71.63,67.78,7.82,8.54,12.61,12.32,9507000.0,15154000.0,68.17,73.78,0.34850000000000003,0.6515,0.2133,0.7867,0.2849,0.7151000000000001,0.5528,0.44720000000000004
394,Sumatera Selatan,2020,8467430.0,92.38,74.64,71.86,68.0,7.9,8.57,12.62,12.4,9289000.0,14748000.0,68.15,73.77,0.34990000000000004,0.6500999999999999,0.2162,0.7838,0.305,0.6950000000000001,0.5437,0.45630000000000004
395,Sumatera Selatan,2021,8550850.0,92.35,73.88,71.95,68.11,8.01,8.58,12.63,12.51,9296000.0,14821000.0,68.34,74.0,0.3479,0.6521,0.2133,0.7867,0.3115,0.6885,0.5615,0.4385
396,Sumatera Utara,2010,12982200.0,89.43,67.78,69.43,65.59,8.03,9.01,11.86,11.77,7273080.0,13136650.0,63.87,71.41,0.3492,0.6508,0.16,0.84,,,0.4725,0.5275000000000001
397,Sumatera Utara,2011,13220900.0,89.57,67.39,69.61,65.76,8.06,9.08,11.94,11.77,7428600.0,13381910.0,64.29,71.77,0.3494,0.6506000000000001,0.15,0.85,,,0.5632,0.43679999999999997
398,Sumatera Utara,2012,13408200.0,90.04,69.82,69.78,65.93,8.3,9.16,12.19,11.78,7463310.0,13631750.0,64.94,72.12,0.3564,0.6436,0.17,0.83,,,0.5162,0.4838
399,Sumatera Utara,2013,13590300.0,90.07,70.08,69.91,66.06,8.41,9.18,12.56,12.26,7505840.0,13713900.0,65.55,72.78,0.3566,0.6434,0.17,0.83,,,0.5067,0.49329999999999996
400,Sumatera Utara,2014,13766900.0,90.26,66.69,70.01,66.16,8.55,9.33,12.82,12.43,7587430.0,13796540.0,66.12,73.25,0.3588,0.6412,0.13,0.87,,,0.5246,0.47540000000000004
401,Sumatera Utara,2015,13937800.0,90.96,67.81,70.26,66.41,8.66,9.42,13.2,12.47,7718990.0,13863210.0,66.92,73.57,0.3599,0.6401,0.14,0.86,0.2082,0.7918000000000001,0.5347,0.46530000000000005
402,Sumatera Utara,2016,14102900.0,90.82,69.07,70.29,66.48,8.78,9.48,13.34,12.67,7772000.0,14153000.0,67.27,74.07,0.3601,0.6399,0.15,0.85,0.2923,0.7077,0.5259,0.47409999999999997
403,Sumatera Utara,2017,14262100.0,90.65,69.29,70.29,66.49,8.96,9.55,13.35,12.92,7915000.0,14522000.0,67.68,74.66,0.3603,0.6396999999999999,0.15,0.85,0.3404,0.6596,0.5246,0.47540000000000004
404,Sumatera Utara,2018,14415400.0,90.66,71.29,70.52,66.73,9.08,9.61,13.37,12.96,8138000.0,15124000.0,68.25,75.28,0.3603,0.6396999999999999,0.17170000000000002,0.8283,0.29760000000000003,0.7023999999999999,0.5451,0.45489999999999997
405,Sumatera Utara,2019,14562500.0,90.71,67.76,70.92,67.07,9.17,9.76,13.4,12.97,8315000.0,15471000.0,68.8,75.85,0.3615,0.6385000000000001,0.13,0.87,0.2896,0.7103999999999999,0.5416,0.45840000000000003
406,Sumatera Utara,2020,14799360.0,90.67,67.52,71.08,67.22,9.28,9.82,13.41,13.13,8176000.0,15058000.0,68.83,75.91,0.36119999999999997,0.6388,0.13,0.87,0.2692,0.7308,0.5426,0.45740000000000003
407,Sumatera Utara,2021,14936150.0,90.73,67.79,71.21,67.35,9.33,9.84,13.48,13.14,8227000.0,15265000.0,69.08,76.14,0.3602,0.6397999999999999,0.1313,0.8687,0.2729,0.7271000000000001,0.5395,0.4605
408,Yogyakarta,2010,3457500.0,92.82,77.7,76.06,72.36,7.77,9.29,13.68,14.56,11262030.0,14082920.0,72.96,78.61,0.38409999999999994,0.6159000000000001,0.2642,0.7358,,,0.46009999999999995,0.5399
409,Yogyakarta,2011,3510000.0,93.56,77.84,76.14,72.47,7.8,9.31,14.43,14.76,11414330.0,14310600.0,73.95,79.04,0.3918,0.6082000000000001,0.2642,0.7358,,,0.4454,0.5546
410,Yogyakarta,2012,3552500.0,93.73,75.57,76.24,72.57,7.92,9.33,14.47,14.78,11568690.0,14538130.0,74.33,79.3,0.39549999999999996,0.6045,0.2182,0.7818,,,0.43829999999999997,0.5617000000000001
411,Yogyakarta,2013,3594900.0,94.15,76.36,76.32,72.67,8.14,9.36,14.49,14.8,11725130.0,14586790.0,74.79,79.44,0.3987,0.6013,0.2182,0.7818,,,0.47950000000000004,0.5205
412,Yogyakarta,2014,3637100.0,94.31,66.9,76.36,72.72,8.29,9.42,14.5,15.21,12207270.0,14635440.0,75.43,79.98,0.4019,0.5981000000000001,0.1091,0.8909,,,0.4576,0.5424
413,Yogyakarta,2015,3679200.0,94.41,68.75,76.54,72.9,8.4,9.64,14.88,15.22,12293830.0,15010950.0,76.09,80.6,0.4046,0.5953999999999999,0.1273,0.8727,0.1902,0.8098,0.45299999999999996,0.547
414,Yogyakarta,2016,3720900.0,94.27,66.96,76.54,72.92,8.6,9.67,14.92,15.53,12696000.0,15664000.0,76.71,81.37,0.4052,0.5948,0.1091,0.8909,0.2701,0.7299,0.4449,0.5550999999999999
415,Yogyakarta,2017,3762200.0,94.39,69.37,76.57,72.95,8.73,9.74,15.14,15.54,12801000.0,16119000.0,77.18,81.77,0.40630000000000005,0.5936999999999999,0.1273,0.8727,0.3189,0.6811,0.4606,0.5394
416,Yogyakarta,2018,3802900.0,94.73,69.64,76.65,73.03,8.8,9.87,15.61,15.55,13092000.0,16745000.0,78.0,82.34,0.4078,0.5922000000000001,0.1273,0.8727,0.3943,0.6057,0.47700000000000004,0.5229999999999999
417,Yogyakarta,2019,3842900.0,94.77,73.59,76.76,73.13,8.87,9.92,15.62,15.58,13520000.0,17302000.0,78.47,82.8,0.40850000000000003,0.5914999999999999,0.1636,0.8364,0.33409999999999995,0.6659,0.4965,0.5035000000000001
418,Yogyakarta,2020,3668720.0,94.8,74.73,76.83,73.22,9.16,9.96,15.63,15.59,13000000.0,17050000.0,78.46,82.76,0.4082,0.5918,0.1818,0.8182,0.4054,0.5946,0.5368999999999999,0.46310000000000007
419,Yogyakarta,2021,3712900.0,94.88,76.57,76.89,73.27,9.31,9.98,15.64,15.67,13075000.0,17231000.0,78.74,82.99,0.41259999999999997,0.5874,0.2,0.8,0.2584,0.7416,0.5218,0.47819999999999996
